credit_risk,age,amount,credit_history,duration,employment_duration,foreign_worker,housing,installment_rate,job,number_credits,other_debtors,other_installment_plans,people_liable,personal_status_sex,present_residence,property,purpose,savings,status,telephone
good,67,1169,all credits at this bank paid back duly,6,>= 7 yrs,no,rent,< 20,skilled employee/official,2-3,none,none,0 to 2,male : married/widowed,>= 7 yrs,unknown / no property,furniture/equipment,... >= 1000 DM,no checking account,yes (under customer name)
bad,22,5951,no credits taken/all credits paid back duly,48,1 <= ... < 4 yrs,no,rent,25 <= ... < 35,skilled employee/official,1,none,none,0 to 2,female : non-single or male : single,1 <= ... < 4 yrs,unknown / no property,furniture/equipment,unknown/no savings account,... < 0 DM,no
good,49,2096,all credits at this bank paid back duly,12,4 <= ... < 7 yrs,no,rent,25 <= ... < 35,unskilled - resident,1,none,none,3 or more,male : married/widowed,4 <= ... < 7 yrs,unknown / no property,repairs,unknown/no savings account,... >= 200 DM / salary for at least 1 year,no
good,45,7882,no credits taken/all credits paid back duly,42,4 <= ... < 7 yrs,no,own,25 <= ... < 35,skilled employee/official,1,guarantor,none,3 or more,male : married/widowed,>= 7 yrs,car or other,car (used),unknown/no savings account,no checking account,no
bad,53,4870,existing credits paid back duly till now,24,1 <= ... < 4 yrs,no,own,20 <= ... < 25,skilled employee/official,2-3,none,none,3 or more,male : married/widowed,>= 7 yrs,real estate,others,unknown/no savings account,no checking account,no
good,35,9055,no credits taken/all credits paid back duly,36,1 <= ... < 4 yrs,no,own,25 <= ... < 35,unskilled - resident,1,none,none,3 or more,male : married/widowed,>= 7 yrs,real estate,repairs,... >= 1000 DM,... >= 200 DM / salary for at least 1 year,yes (under customer name)
good,53,2835,no credits taken/all credits paid back duly,24,>= 7 yrs,no,rent,20 <= ... < 25,skilled employee/official,1,none,none,0 to 2,male : married/widowed,>= 7 yrs,car or other,car (used),100 <= ... < 500 DM,... >= 200 DM / salary for at least 1 year,no
good,35,6948,no credits taken/all credits paid back duly,36,1 <= ... < 4 yrs,no,for free,25 <= ... < 35,manager/self-empl/highly qualif. employee,1,none,none,0 to 2,male : married/widowed,1 <= ... < 4 yrs,building soc. savings agr. / life insurance,car (new),unknown/no savings account,... < 0 DM,yes (under customer name)
good,61,3059,no credits taken/all credits paid back duly,12,4 <= ... < 7 yrs,no,rent,25 <= ... < 35,unskilled - resident,1,none,none,0 to 2,male : divorced/separated,>= 7 yrs,unknown / no property,furniture/equipment,500 <= ... < 1000 DM,... >= 200 DM / salary for at least 1 year,no
bad,28,5234,all credits at this bank paid back duly,30,unemployed,no,rent,< 20,manager/self-empl/highly qualif. employee,2-3,none,none,0 to 2,female : single,1 <= ... < 4 yrs,building soc. savings agr. / life insurance,others,unknown/no savings account,... < 0 DM,no
bad,25,1295,no credits taken/all credits paid back duly,12,< 1 yr,no,for free,20 <= ... < 25,skilled employee/official,1,none,none,0 to 2,female : non-single or male : single,< 1 yr,building soc. savings agr. / life insurance,others,unknown/no savings account,... < 0 DM,no
bad,24,4308,no credits taken/all credits paid back duly,48,< 1 yr,no,for free,20 <= ... < 25,skilled employee/official,1,none,none,0 to 2,female : non-single or male : single,>= 7 yrs,car or other,retraining,unknown/no savings account,no checking account,no
good,22,1567,no credits taken/all credits paid back duly,12,1 <= ... < 4 yrs,no,rent,>= 35,skilled employee/official,1,none,none,0 to 2,female : non-single or male : single,< 1 yr,building soc. savings agr. / life insurance,furniture/equipment,unknown/no savings account,... < 0 DM,yes (under customer name)
bad,60,1199,all credits at this bank paid back duly,24,>= 7 yrs,no,rent,< 20,unskilled - resident,2-3,none,none,0 to 2,male : married/widowed,>= 7 yrs,building soc. savings agr. / life insurance,others,unknown/no savings account,no checking account,no
good,28,1403,no credits taken/all credits paid back duly,15,1 <= ... < 4 yrs,no,for free,25 <= ... < 35,skilled employee/official,1,none,none,0 to 2,female : non-single or male : single,>= 7 yrs,building soc. savings agr. / life insurance,others,unknown/no savings account,no checking account,no
bad,32,1282,no credits taken/all credits paid back duly,24,1 <= ... < 4 yrs,no,rent,< 20,unskilled - resident,1,none,none,0 to 2,female : non-single or male : single,1 <= ... < 4 yrs,building soc. savings agr. / life insurance,furniture/equipment,... < 100 DM,no checking account,no
good,53,2424,all credits at this bank paid back duly,24,>= 7 yrs,no,rent,< 20,skilled employee/official,2-3,none,none,0 to 2,male : married/widowed,>= 7 yrs,car or other,furniture/equipment,... >= 1000 DM,... >= 200 DM / salary for at least 1 year,no
good,25,8072,delay in paying off in the past,30,< 1 yr,no,rent,25 <= ... < 35,skilled employee/official,4-5,none,bank,0 to 2,male : married/widowed,4 <= ... < 7 yrs,building soc. savings agr. / life insurance,retraining,... >= 1000 DM,no checking account,no
bad,44,12579,no credits taken/all credits paid back duly,24,>= 7 yrs,no,own,< 20,manager/self-empl/highly qualif. employee,1,none,none,0 to 2,female : non-single or male : single,1 <= ... < 4 yrs,real estate,car (new),unknown/no savings account,... < 0 DM,yes (under customer name)
good,31,3430,no credits taken/all credits paid back duly,24,>= 7 yrs,no,rent,20 <= ... < 25,skilled employee/official,1,none,none,3 or more,male : married/widowed,1 <= ... < 4 yrs,building soc. savings agr. / life insurance,furniture/equipment,100 <= ... < 500 DM,... >= 200 DM / salary for at least 1 year,yes (under customer name)
good,48,2134,all credits at this bank paid back duly,9,1 <= ... < 4 yrs,no,rent,< 20,skilled employee/official,4-5,none,none,0 to 2,male : married/widowed,>= 7 yrs,building soc. savings agr. / life insurance,others,unknown/no savings account,... >= 200 DM / salary for at least 1 year,yes (under customer name)
good,44,2647,no credits taken/all credits paid back duly,6,1 <= ... < 4 yrs,no,for free,25 <= ... < 35,skilled employee/official,1,none,none,3 or more,male : married/widowed,4 <= ... < 7 yrs,unknown / no property,furniture/equipment,100 <= ... < 500 DM,no checking account,no
good,48,2241,all credits at this bank paid back duly,10,< 1 yr,yes,for free,>= 35,unskilled - resident,2-3,none,none,3 or more,male : married/widowed,4 <= ... < 7 yrs,unknown / no property,others,unknown/no savings account,no checking account,no
good,44,1804,all credits at this bank paid back duly,12,< 1 yr,no,rent,20 <= ... < 25,skilled employee/official,1,none,none,0 to 2,male : married/widowed,>= 7 yrs,car or other,car (new),... < 100 DM,... < 0 DM,no
good,26,2069,all credits at this bank paid back duly,10,1 <= ... < 4 yrs,yes,rent,25 <= ... < 35,skilled employee/official,2-3,none,none,0 to 2,female : single,< 1 yr,building soc. savings agr. / life insurance,car (used),... >= 1000 DM,... >= 200 DM / salary for at least 1 year,no
good,36,1374,no credits taken/all credits paid back duly,6,1 <= ... < 4 yrs,no,rent,>= 35,unskilled - resident,1,none,bank,0 to 2,male : married/widowed,1 <= ... < 4 yrs,unknown / no property,car (used),unknown/no savings account,no checking account,yes (under customer name)
good,39,426,delay in paying off in the past,6,>= 7 yrs,no,rent,< 20,unskilled - resident,1,none,none,0 to 2,female : single,>= 7 yrs,building soc. savings agr. / life insurance,furniture/equipment,unknown/no savings account,... >= 200 DM / salary for at least 1 year,no
good,42,409,critical account/other credits elsewhere,12,1 <= ... < 4 yrs,no,for free,20 <= ... < 25,skilled employee/official,2-3,none,none,0 to 2,female : non-single or male : single,4 <= ... < 7 yrs,unknown / no property,furniture/equipment,500 <= ... < 1000 DM,0<= ... < 200 DM,no
good,34,2415,no credits taken/all credits paid back duly,7,1 <= ... < 4 yrs,no,rent,20 <= ... < 25,skilled employee/official,1,guarantor,none,0 to 2,male : married/widowed,1 <= ... < 4 yrs,unknown / no property,furniture/equipment,unknown/no savings account,... < 0 DM,no
bad,63,6836,existing credits paid back duly till now,60,>= 7 yrs,no,rent,20 <= ... < 25,skilled employee/official,2-3,none,none,0 to 2,male : married/widowed,>= 7 yrs,real estate,retraining,unknown/no savings account,no checking account,yes (under customer name)
good,36,1913,no credits taken/all credits paid back duly,18,< 1 yr,no,rent,20 <= ... < 25,skilled employee/official,1,none,bank,0 to 2,female : single,4 <= ... < 7 yrs,unknown / no property,retraining,500 <= ... < 1000 DM,... < 0 DM,yes (under customer name)
good,27,4020,no credits taken/all credits paid back duly,24,1 <= ... < 4 yrs,no,rent,25 <= ... < 35,skilled employee/official,1,none,stores,0 to 2,male : married/widowed,1 <= ... < 4 yrs,building soc. savings agr. / life insurance,car (used),unknown/no savings account,no checking account,no
good,30,5866,no credits taken/all credits paid back duly,18,1 <= ... < 4 yrs,no,rent,25 <= ... < 35,skilled employee/official,2-3,none,none,0 to 2,male : married/widowed,1 <= ... < 4 yrs,building soc. savings agr. / life insurance,others,... < 100 DM,... < 0 DM,yes (under customer name)
good,57,1264,all credits at this bank paid back duly,12,>= 7 yrs,no,for free,< 20,unskilled - resident,1,none,none,0 to 2,male : married/widowed,>= 7 yrs,real estate,retraining,... >= 1000 DM,... >= 200 DM / salary for at least 1 year,no
good,33,1474,no credits taken/all credits paid back duly,12,< 1 yr,no,rent,< 20,manager/self-empl/highly qualif. employee,1,none,bank,0 to 2,female : non-single or male : single,< 1 yr,car or other,car (used),unknown/no savings account,0<= ... < 200 DM,yes (under customer name)
bad,25,4746,all credits at this bank paid back duly,45,< 1 yr,no,rent,< 20,unskilled - resident,2-3,none,none,0 to 2,male : married/widowed,1 <= ... < 4 yrs,car or other,furniture/equipment,unknown/no savings account,... < 0 DM,no
good,31,6110,all credits at this bank paid back duly,48,1 <= ... < 4 yrs,no,own,>= 35,skilled employee/official,1,none,bank,0 to 2,male : married/widowed,4 <= ... < 7 yrs,real estate,repairs,unknown/no savings account,... >= 200 DM / salary for at least 1 year,yes (under customer name)
bad,37,2100,no credits taken/all credits paid back duly,18,1 <= ... < 4 yrs,no,rent,< 20,skilled employee/official,1,co-applicant,stores,0 to 2,male : married/widowed,1 <= ... < 4 yrs,unknown / no property,furniture/equipment,unknown/no savings account,0<= ... < 200 DM,no
good,37,1225,no credits taken/all credits paid back duly,10,1 <= ... < 4 yrs,no,rent,25 <= ... < 35,skilled employee/official,1,none,none,0 to 2,male : married/widowed,1 <= ... < 4 yrs,building soc. savings agr. / life insurance,radio/television,unknown/no savings account,0<= ... < 200 DM,yes (under customer name)
good,24,458,no credits taken/all credits paid back duly,9,1 <= ... < 4 yrs,no,rent,< 20,skilled employee/official,1,none,none,0 to 2,male : married/widowed,4 <= ... < 7 yrs,unknown / no property,furniture/equipment,unknown/no savings account,... < 0 DM,no
good,30,2333,no credits taken/all credits paid back duly,30,>= 7 yrs,no,rent,< 20,manager/self-empl/highly qualif. employee,1,none,bank,0 to 2,male : married/widowed,1 <= ... < 4 yrs,building soc. savings agr. / life insurance,furniture/equipment,100 <= ... < 500 DM,... >= 200 DM / salary for at least 1 year,no
good,26,1158,no credits taken/all credits paid back duly,12,1 <= ... < 4 yrs,no,rent,20 <= ... < 25,skilled employee/official,1,none,none,0 to 2,male : divorced/separated,< 1 yr,building soc. savings agr. / life insurance,furniture/equipment,100 <= ... < 500 DM,... < 0 DM,yes (under customer name)
good,44,6204,existing credits paid back duly till now,18,1 <= ... < 4 yrs,no,rent,25 <= ... < 35,unskilled - resident,1,none,none,3 or more,male : married/widowed,>= 7 yrs,unknown / no property,domestic appliances,unknown/no savings account,... < 0 DM,yes (under customer name)
good,24,6187,all credits at this bank paid back duly,30,4 <= ... < 7 yrs,no,for free,>= 35,skilled employee/official,2-3,none,none,0 to 2,female : single,>= 7 yrs,building soc. savings agr. / life insurance,car (new),... < 100 DM,no checking account,no
bad,58,6143,all credits at this bank paid back duly,48,>= 7 yrs,no,own,< 20,unskilled - resident,2-3,none,stores,0 to 2,female : non-single or male : single,>= 7 yrs,real estate,car (new),unknown/no savings account,no checking account,no
good,35,1393,all credits at this bank paid back duly,11,< 1 yr,no,rent,< 20,manager/self-empl/highly qualif. employee,2-3,none,none,0 to 2,female : non-single or male : single,>= 7 yrs,building soc. savings agr. / life insurance,others,unknown/no savings account,... >= 200 DM / salary for at least 1 year,no
good,39,2299,no credits taken/all credits paid back duly,36,>= 7 yrs,no,rent,< 20,skilled employee/official,1,none,none,0 to 2,male : married/widowed,>= 7 yrs,building soc. savings agr. / life insurance,furniture/equipment,100 <= ... < 500 DM,... >= 200 DM / salary for at least 1 year,no
good,23,1352,no credits taken/all credits paid back duly,6,unemployed,no,for free,>= 35,unemployed/unskilled - non-resident,1,none,none,0 to 2,female : non-single or male : single,1 <= ... < 4 yrs,car or other,car (new),100 <= ... < 500 DM,no checking account,yes (under customer name)
good,39,7228,all credits at this bank paid back duly,11,1 <= ... < 4 yrs,no,rent,>= 35,unskilled - resident,2-3,none,none,0 to 2,male : married/widowed,>= 7 yrs,car or other,others,unknown/no savings account,... >= 200 DM / salary for at least 1 year,no
good,28,2073,no credits taken/all credits paid back duly,12,1 <= ... < 4 yrs,no,rent,< 20,skilled employee/official,1,co-applicant,none,0 to 2,female : non-single or male : single,1 <= ... < 4 yrs,unknown / no property,furniture/equipment,... < 100 DM,... >= 200 DM / salary for at least 1 year,no
good,29,2333,existing credits paid back duly till now,24,< 1 yr,no,rent,< 20,unskilled - resident,1,none,bank,0 to 2,male : married/widowed,1 <= ... < 4 yrs,car or other,car (used),... >= 1000 DM,... < 0 DM,no
good,30,5965,existing credits paid back duly till now,27,>= 7 yrs,no,rent,>= 35,manager/self-empl/highly qualif. employee,2-3,none,none,0 to 2,male : married/widowed,1 <= ... < 4 yrs,building soc. savings agr. / life insurance,car (new),unknown/no savings account,... < 0 DM,yes (under customer name)
good,25,1262,no credits taken/all credits paid back duly,12,1 <= ... < 4 yrs,no,rent,20 <= ... < 25,skilled employee/official,1,none,none,0 to 2,male : married/widowed,1 <= ... < 4 yrs,building soc. savings agr. / life insurance,furniture/equipment,unknown/no savings account,... >= 200 DM / salary for at least 1 year,no
good,31,3378,no credits taken/all credits paid back duly,18,1 <= ... < 4 yrs,no,rent,25 <= ... < 35,skilled employee/official,1,none,none,0 to 2,male : married/widowed,< 1 yr,car or other,car (new),... >= 1000 DM,... >= 200 DM / salary for at least 1 year,yes (under customer name)
bad,57,2225,existing credits paid back duly till now,36,>= 7 yrs,no,own,< 20,skilled employee/official,2-3,none,bank,0 to 2,male : married/widowed,>= 7 yrs,real estate,others,unknown/no savings account,... < 0 DM,yes (under customer name)
good,26,783,critical account/other credits elsewhere,6,1 <= ... < 4 yrs,no,rent,>= 35,unskilled - resident,1,guarantor,stores,3 or more,male : married/widowed,1 <= ... < 4 yrs,unknown / no property,others,... >= 1000 DM,... >= 200 DM / salary for at least 1 year,no
bad,52,6468,no credits taken/all credits paid back duly,12,unemployed,no,rent,25 <= ... < 35,manager/self-empl/highly qualif. employee,1,none,none,0 to 2,male : married/widowed,< 1 yr,real estate,furniture/equipment,... >= 1000 DM,... < 0 DM,yes (under customer name)
good,31,9566,all credits at this bank paid back duly,36,1 <= ... < 4 yrs,no,rent,25 <= ... < 35,skilled employee/official,2-3,none,stores,0 to 2,female : non-single or male : single,1 <= ... < 4 yrs,building soc. savings agr. / life insurance,furniture/equipment,unknown/no savings account,... >= 200 DM / salary for at least 1 year,no
good,23,1961,no credits taken/all credits paid back duly,18,>= 7 yrs,no,rent,20 <= ... < 25,manager/self-empl/highly qualif. employee,1,none,none,0 to 2,female : non-single or male : single,1 <= ... < 4 yrs,building soc. savings agr. / life insurance,others,unknown/no savings account,0<= ... < 200 DM,no
bad,23,6229,all credits at this bank paid back duly,36,< 1 yr,no,for free,< 20,unskilled - resident,2-3,co-applicant,none,0 to 2,female : non-single or male : single,>= 7 yrs,real estate,car (used),unknown/no savings account,no checking account,yes (under customer name)
good,27,1391,no credits taken/all credits paid back duly,9,1 <= ... < 4 yrs,no,rent,25 <= ... < 35,skilled employee/official,1,none,bank,0 to 2,female : single,< 1 yr,unknown / no property,retraining,unknown/no savings account,... < 0 DM,yes (under customer name)
good,50,1537,all credits at this bank paid back duly,15,>= 7 yrs,no,rent,< 20,skilled employee/official,2-3,guarantor,none,0 to 2,male : married/widowed,>= 7 yrs,unknown / no property,furniture/equipment,... >= 1000 DM,... < 0 DM,yes (under customer name)
bad,61,1953,delay in paying off in the past,36,>= 7 yrs,no,own,< 20,manager/self-empl/highly qualif. employee,1,none,none,0 to 2,male : married/widowed,>= 7 yrs,real estate,retraining,unknown/no savings account,... < 0 DM,yes (under customer name)
bad,25,14421,delay in paying off in the past,48,1 <= ... < 4 yrs,no,rent,25 <= ... < 35,skilled employee/official,1,none,none,0 to 2,male : married/widowed,1 <= ... < 4 yrs,building soc. savings agr. / life insurance,retraining,unknown/no savings account,... < 0 DM,yes (under customer name)
good,26,3181,no credits taken/all credits paid back duly,24,< 1 yr,no,rent,< 20,skilled employee/official,1,none,none,0 to 2,female : non-single or male : single,>= 7 yrs,car or other,furniture/equipment,unknown/no savings account,... >= 200 DM / salary for at least 1 year,yes (under customer name)
good,48,5190,no credits taken/all credits paid back duly,27,>= 7 yrs,no,rent,< 20,skilled employee/official,>= 6,none,none,3 or more,male : married/widowed,>= 7 yrs,car or other,domestic appliances,... >= 1000 DM,... >= 200 DM / salary for at least 1 year,yes (under customer name)
good,29,2171,no credits taken/all credits paid back duly,12,< 1 yr,no,rent,25 <= ... < 35,skilled employee/official,1,none,bank,0 to 2,female : non-single or male : single,1 <= ... < 4 yrs,building soc. savings agr. / life insurance,furniture/equipment,unknown/no savings account,... >= 200 DM / salary for at least 1 year,no
good,22,1007,no credits taken/all credits paid back duly,12,1 <= ... < 4 yrs,no,rent,< 20,skilled employee/official,1,none,none,0 to 2,female : single,< 1 yr,unknown / no property,others,500 <= ... < 1000 DM,... < 0 DM,no
bad,37,1819,no credits taken/all credits paid back duly,36,1 <= ... < 4 yrs,no,own,< 20,skilled employee/official,1,none,stores,0 to 2,male : married/widowed,>= 7 yrs,real estate,repairs,unknown/no savings account,... >= 200 DM / salary for at least 1 year,yes (under customer name)
good,25,2394,no credits taken/all credits paid back duly,36,1 <= ... < 4 yrs,no,rent,< 20,skilled employee/official,1,none,none,0 to 2,female : non-single or male : single,>= 7 yrs,building soc. savings agr. / life insurance,furniture/equipment,... >= 1000 DM,... >= 200 DM / salary for at least 1 year,no
good,30,8133,no credits taken/all credits paid back duly,36,1 <= ... < 4 yrs,no,rent,>= 35,skilled employee/official,1,none,bank,0 to 2,female : non-single or male : single,1 <= ... < 4 yrs,car or other,car (new),unknown/no savings account,... >= 200 DM / salary for at least 1 year,no
good,46,730,all credits at this bank paid back duly,7,>= 7 yrs,no,for free,< 20,unskilled - resident,2-3,none,none,0 to 2,male : married/widowed,1 <= ... < 4 yrs,car or other,furniture/equipment,... >= 1000 DM,... >= 200 DM / salary for at least 1 year,yes (under customer name)
good,51,1164,all credits at this bank paid back duly,8,>= 7 yrs,no,own,20 <= ... < 25,manager/self-empl/highly qualif. employee,2-3,none,bank,3 or more,male : married/widowed,>= 7 yrs,real estate,business,unknown/no savings account,no checking account,yes (under customer name)
good,41,5954,all credits at this bank paid back duly,42,4 <= ... < 7 yrs,no,rent,25 <= ... < 35,unskilled - resident,2-3,none,bank,0 to 2,female : non-single or male : single,< 1 yr,unknown / no property,retraining,unknown/no savings account,... < 0 DM,no
bad,40,1977,no credits taken/all credits paid back duly,36,>= 7 yrs,no,rent,< 20,manager/self-empl/highly qualif. employee,1,none,none,0 to 2,male : married/widowed,>= 7 yrs,real estate,repairs,... >= 1000 DM,no checking account,yes (under customer name)
good,66,1526,all credits at this bank paid back duly,12,>= 7 yrs,no,own,< 20,manager/self-empl/highly qualif. employee,2-3,none,none,0 to 2,male : married/widowed,>= 7 yrs,real estate,car (new),unknown/no savings account,no checking account,no
bad,34,3965,no credits taken/all credits paid back duly,42,< 1 yr,no,rent,< 20,skilled employee/official,1,none,none,0 to 2,male : married/widowed,4 <= ... < 7 yrs,building soc. savings agr. / life insurance,furniture/equipment,unknown/no savings account,no checking account,no
good,51,4771,existing credits paid back duly till now,11,4 <= ... < 7 yrs,no,rent,25 <= ... < 35,skilled employee/official,1,none,none,0 to 2,male : married/widowed,>= 7 yrs,car or other,furniture/equipment,unknown/no savings account,... < 0 DM,no
good,39,9436,delay in paying off in the past,54,1 <= ... < 4 yrs,no,rent,25 <= ... < 35,unskilled - resident,1,none,none,3 or more,male : married/widowed,1 <= ... < 4 yrs,car or other,car (new),... >= 1000 DM,... >= 200 DM / salary for at least 1 year,no
good,22,3832,no credits taken/all credits paid back duly,30,< 1 yr,no,rent,25 <= ... < 35,skilled employee/official,1,none,none,0 to 2,female : single,< 1 yr,car or other,car (used),unknown/no savings account,... < 0 DM,no
bad,44,5943,no credits taken/all credits paid back duly,24,< 1 yr,no,rent,>= 35,skilled employee/official,2-3,none,none,0 to 2,female : non-single or male : single,< 1 yr,building soc. savings agr. / life insurance,furniture/equipment,... >= 1000 DM,... >= 200 DM / salary for at least 1 year,yes (under customer name)
good,47,1213,no credits taken/all credits paid back duly,15,>= 7 yrs,no,rent,< 20,skilled employee/official,1,none,stores,0 to 2,male : married/widowed,4 <= ... < 7 yrs,car or other,furniture/equipment,100 <= ... < 500 DM,... >= 200 DM / salary for at least 1 year,yes (under customer name)
good,24,1568,no credits taken/all credits paid back duly,18,1 <= ... < 4 yrs,no,for free,20 <= ... < 25,unskilled - resident,1,none,none,0 to 2,female : non-single or male : single,>= 7 yrs,car or other,retraining,... < 100 DM,... >= 200 DM / salary for at least 1 year,no
good,58,1755,no credits taken/all credits paid back duly,24,>= 7 yrs,no,rent,< 20,unskilled - resident,1,guarantor,none,0 to 2,female : non-single or male : single,>= 7 yrs,unknown / no property,business,unknown/no savings account,no checking account,yes (under customer name)
good,52,2315,no credits taken/all credits paid back duly,10,>= 7 yrs,no,rent,20 <= ... < 25,unskilled - resident,1,none,none,0 to 2,male : married/widowed,>= 7 yrs,unknown / no property,furniture/equipment,unknown/no savings account,no checking account,no
good,29,1412,all credits at this bank paid back duly,12,1 <= ... < 4 yrs,no,rent,< 20,manager/self-empl/highly qualif. employee,2-3,guarantor,none,0 to 2,female : non-single or male : single,1 <= ... < 4 yrs,unknown / no property,retraining,unknown/no savings account,... >= 200 DM / salary for at least 1 year,yes (under customer name)
good,27,1295,all credits at this bank paid back duly,18,< 1 yr,no,rent,< 20,skilled employee/official,2-3,none,none,0 to 2,female : non-single or male : single,< 1 yr,car or other,car (used),unknown/no savings account,... < 0 DM,no
bad,47,12612,no credits taken/all credits paid back duly,36,1 <= ... < 4 yrs,no,own,>= 35,skilled employee/official,1,none,none,3 or more,male : married/widowed,>= 7 yrs,real estate,repairs,... < 100 DM,... < 0 DM,yes (under customer name)
good,30,2249,no credits taken/all credits paid back duly,18,4 <= ... < 7 yrs,no,rent,< 20,manager/self-empl/highly qualif. employee,1,none,none,3 or more,male : married/widowed,4 <= ... < 7 yrs,building soc. savings agr. / life insurance,others,... < 100 DM,no checking account,yes (under customer name)
bad,28,1108,delay in paying off in the past,12,4 <= ... < 7 yrs,no,rent,< 20,skilled employee/official,2-3,none,none,0 to 2,male : married/widowed,4 <= ... < 7 yrs,unknown / no property,domestic appliances,unknown/no savings account,no checking account,no
good,56,618,all credits at this bank paid back duly,12,>= 7 yrs,no,rent,< 20,skilled employee/official,1,none,none,0 to 2,male : married/widowed,>= 7 yrs,unknown / no property,furniture/equipment,unknown/no savings account,... >= 200 DM / salary for at least 1 year,no
good,54,1409,all credits at this bank paid back duly,12,>= 7 yrs,no,rent,< 20,skilled employee/official,1,none,none,0 to 2,male : married/widowed,4 <= ... < 7 yrs,unknown / no property,car (new),unknown/no savings account,no checking account,no
bad,33,797,all credits at this bank paid back duly,12,>= 7 yrs,no,rent,< 20,unskilled - resident,1,none,bank,3 or more,female : non-single or male : single,4 <= ... < 7 yrs,car or other,furniture/equipment,... >= 1000 DM,... >= 200 DM / salary for at least 1 year,no
good,20,3617,all credits at this bank paid back duly,24,>= 7 yrs,no,for free,< 20,skilled employee/official,2-3,co-applicant,none,0 to 2,male : married/widowed,>= 7 yrs,real estate,car (used),... >= 1000 DM,0<= ... < 200 DM,no
good,54,1318,no credits taken/all credits paid back duly,12,>= 7 yrs,no,rent,< 20,skilled employee/official,1,none,none,0 to 2,male : married/widowed,>= 7 yrs,unknown / no property,others,500 <= ... < 1000 DM,... < 0 DM,yes (under customer name)
bad,58,15945,delay in paying off in the past,54,< 1 yr,no,for free,20 <= ... < 25,skilled employee/official,1,none,none,0 to 2,male : married/widowed,>= 7 yrs,real estate,retraining,unknown/no savings account,... < 0 DM,yes (under customer name)
good,61,2012,all credits at this bank paid back duly,12,4 <= ... < 7 yrs,no,rent,< 20,skilled employee/official,1,none,none,0 to 2,female : non-single or male : single,1 <= ... < 4 yrs,building soc. savings agr. / life insurance,repairs,... >= 1000 DM,... >= 200 DM / salary for at least 1 year,no
good,34,2622,no credits taken/all credits paid back duly,18,1 <= ... < 4 yrs,no,rent,< 20,skilled employee/official,1,none,none,0 to 2,male : married/widowed,>= 7 yrs,building soc. savings agr. / life insurance,retraining,... < 100 DM,... < 0 DM,no
good,36,2337,all credits at this bank paid back duly,36,>= 7 yrs,no,rent,< 20,skilled employee/official,1,none,none,0 to 2,male : married/widowed,>= 7 yrs,unknown / no property,furniture/equipment,unknown/no savings account,... < 0 DM,no
good,36,7057,existing credits paid back duly till now,20,4 <= ... < 7 yrs,no,for free,20 <= ... < 25,manager/self-empl/highly qualif. employee,2-3,none,bank,3 or more,male : married/widowed,>= 7 yrs,car or other,car (new),... >= 1000 DM,... < 0 DM,yes (under customer name)
good,41,1469,no credits taken/all credits paid back duly,24,>= 7 yrs,no,for free,< 20,unskilled - resident,1,none,none,0 to 2,female : single,>= 7 yrs,unknown / no property,others,... < 100 DM,... >= 200 DM / salary for at least 1 year,no
good,24,2323,no credits taken/all credits paid back duly,36,4 <= ... < 7 yrs,no,for free,< 20,skilled employee/official,1,none,none,0 to 2,male : married/widowed,>= 7 yrs,building soc. savings agr. / life insurance,furniture/equipment,unknown/no savings account,... < 0 DM,no
good,24,932,existing credits paid back duly till now,6,1 <= ... < 4 yrs,no,rent,20 <= ... < 25,skilled employee/official,1,none,none,0 to 2,female : non-single or male : single,1 <= ... < 4 yrs,unknown / no property,furniture/equipment,unknown/no savings account,... >= 200 DM / salary for at least 1 year,no
good,35,1919,all credits at this bank paid back duly,9,4 <= ... < 7 yrs,no,for free,< 20,skilled employee/official,1,none,none,0 to 2,male : married/widowed,4 <= ... < 7 yrs,building soc. savings agr. / life insurance,car (used),unknown/no savings account,... < 0 DM,yes (under customer name)
good,26,2445,no credits taken/all credits paid back duly,12,< 1 yr,no,for free,25 <= ... < 35,skilled employee/official,1,none,none,0 to 2,female : single,>= 7 yrs,building soc. savings agr. / life insurance,car (new),... >= 1000 DM,... >= 200 DM / salary for at least 1 year,yes (under customer name)
bad,39,11938,all credits at this bank paid back duly,24,1 <= ... < 4 yrs,no,rent,25 <= ... < 35,manager/self-empl/highly qualif. employee,2-3,co-applicant,none,3 or more,male : married/widowed,4 <= ... < 7 yrs,building soc. savings agr. / life insurance,business,unknown/no savings account,... < 0 DM,yes (under customer name)
bad,39,6458,critical account/other credits elsewhere,18,>= 7 yrs,no,rent,25 <= ... < 35,manager/self-empl/highly qualif. employee,2-3,none,bank,3 or more,male : married/widowed,>= 7 yrs,real estate,others,unknown/no savings account,... >= 200 DM / salary for at least 1 year,yes (under customer name)
good,32,6078,no credits taken/all credits paid back duly,12,4 <= ... < 7 yrs,no,rent,25 <= ... < 35,skilled employee/official,1,none,none,0 to 2,male : married/widowed,1 <= ... < 4 yrs,building soc. savings agr. / life insurance,others,unknown/no savings account,... < 0 DM,no
good,30,7721,no credits taken/all credits paid back duly,24,< 1 yr,yes,rent,>= 35,skilled employee/official,1,none,none,0 to 2,female : non-single or male : single,1 <= ... < 4 yrs,car or other,car (used),... >= 1000 DM,no checking account,yes (under customer name)
good,35,1410,no credits taken/all credits paid back duly,14,>= 7 yrs,no,rent,>= 35,skilled employee/official,1,none,none,0 to 2,female : single,1 <= ... < 4 yrs,unknown / no property,retraining,100 <= ... < 500 DM,... < 0 DM,yes (under customer name)
good,31,1449,existing credits paid back duly till now,6,>= 7 yrs,no,rent,>= 35,skilled employee/official,2-3,none,bank,3 or more,male : divorced/separated,1 <= ... < 4 yrs,building soc. savings agr. / life insurance,retraining,... < 100 DM,... < 0 DM,no
good,23,392,no credits taken/all credits paid back duly,15,< 1 yr,no,for free,< 20,skilled employee/official,1,none,none,0 to 2,female : non-single or male : single,>= 7 yrs,car or other,repairs,unknown/no savings account,0<= ... < 200 DM,yes (under customer name)
good,28,6260,no credits taken/all credits paid back duly,18,4 <= ... < 7 yrs,no,for free,20 <= ... < 25,unskilled - resident,1,none,none,0 to 2,male : married/widowed,4 <= ... < 7 yrs,unknown / no property,others,unknown/no savings account,... < 0 DM,no
bad,25,7855,all credits at this bank paid back duly,36,1 <= ... < 4 yrs,no,rent,< 20,skilled employee/official,2-3,none,stores,0 to 2,female : non-single or male : single,1 <= ... < 4 yrs,unknown / no property,others,unknown/no savings account,... >= 200 DM / salary for at least 1 year,yes (under customer name)
good,35,1680,no credits taken/all credits paid back duly,12,>= 7 yrs,no,rent,20 <= ... < 25,skilled employee/official,1,none,none,0 to 2,female : single,< 1 yr,unknown / no property,furniture/equipment,100 <= ... < 500 DM,no checking account,no
good,47,3578,all credits at this bank paid back duly,48,>= 7 yrs,no,rent,< 20,skilled employee/official,1,none,none,0 to 2,male : married/widowed,< 1 yr,unknown / no property,furniture/equipment,... >= 1000 DM,... >= 200 DM / salary for at least 1 year,yes (under customer name)
bad,30,7174,no credits taken/all credits paid back duly,42,4 <= ... < 7 yrs,no,rent,< 20,manager/self-empl/highly qualif. employee,1,none,none,0 to 2,female : non-single or male : single,4 <= ... < 7 yrs,building soc. savings agr. / life insurance,furniture/equipment,... >= 1000 DM,no checking account,yes (under customer name)
good,27,2132,all credits at this bank paid back duly,10,< 1 yr,yes,for free,25 <= ... < 35,skilled employee/official,2-3,co-applicant,none,0 to 2,female : non-single or male : single,4 <= ... < 7 yrs,unknown / no property,car (used),... >= 1000 DM,no checking account,no
bad,23,4281,all credits at this bank paid back duly,33,1 <= ... < 4 yrs,no,rent,>= 35,skilled employee/official,2-3,none,none,0 to 2,female : non-single or male : single,>= 7 yrs,building soc. savings agr. / life insurance,car (used),100 <= ... < 500 DM,no checking account,no
good,36,2366,all credits at this bank paid back duly,12,4 <= ... < 7 yrs,no,rent,20 <= ... < 25,manager/self-empl/highly qualif. employee,1,none,none,0 to 2,male : divorced/separated,4 <= ... < 7 yrs,building soc. savings agr. / life insurance,others,100 <= ... < 500 DM,... < 0 DM,yes (under customer name)
bad,25,1835,no credits taken/all credits paid back duly,21,1 <= ... < 4 yrs,no,rent,20 <= ... < 25,skilled employee/official,2-3,none,none,0 to 2,female : non-single or male : single,1 <= ... < 4 yrs,unknown / no property,furniture/equipment,unknown/no savings account,no checking account,yes (under customer name)
good,41,3868,all credits at this bank paid back duly,24,>= 7 yrs,no,for free,< 20,manager/self-empl/highly qualif. employee,2-3,none,none,0 to 2,female : non-single or male : single,1 <= ... < 4 yrs,building soc. savings agr. / life insurance,car (new),unknown/no savings account,... >= 200 DM / salary for at least 1 year,yes (under customer name)
good,24,1768,no credits taken/all credits paid back duly,12,1 <= ... < 4 yrs,no,for free,20 <= ... < 25,unskilled - resident,1,none,none,0 to 2,male : married/widowed,1 <= ... < 4 yrs,unknown / no property,car (used),unknown/no savings account,... >= 200 DM / salary for at least 1 year,no
good,63,781,all credits at this bank paid back duly,10,>= 7 yrs,no,own,< 20,skilled employee/official,2-3,none,none,0 to 2,male : married/widowed,>= 7 yrs,real estate,others,unknown/no savings account,0<= ... < 200 DM,yes (under customer name)
bad,27,1924,no credits taken/all credits paid back duly,18,< 1 yr,no,for free,< 20,skilled employee/official,1,none,none,0 to 2,female : non-single or male : single,4 <= ... < 7 yrs,unknown / no property,car (used),... >= 1000 DM,... < 0 DM,no
good,30,2121,all credits at this bank paid back duly,12,1 <= ... < 4 yrs,no,rent,< 20,skilled employee/official,2-3,none,none,0 to 2,male : married/widowed,1 <= ... < 4 yrs,car or other,others,unknown/no savings account,no checking account,no
good,40,701,no credits taken/all credits paid back duly,12,1 <= ... < 4 yrs,no,rent,< 20,unskilled - resident,1,none,none,0 to 2,female : single,1 <= ... < 4 yrs,unknown / no property,furniture/equipment,unknown/no savings account,no checking account,no
bad,30,639,no credits taken/all credits paid back duly,12,1 <= ... < 4 yrs,no,rent,< 20,skilled employee/official,1,none,none,0 to 2,male : married/widowed,1 <= ... < 4 yrs,building soc. savings agr. / life insurance,domestic appliances,unknown/no savings account,... < 0 DM,no
good,34,1860,all credits at this bank paid back duly,12,unemployed,no,rent,< 20,manager/self-empl/highly qualif. employee,2-3,none,none,0 to 2,male : married/widowed,1 <= ... < 4 yrs,building soc. savings agr. / life insurance,car (new),unknown/no savings account,... < 0 DM,yes (under customer name)
bad,29,3499,all credits at this bank paid back duly,12,1 <= ... < 4 yrs,no,rent,20 <= ... < 25,skilled employee/official,2-3,co-applicant,none,0 to 2,female : non-single or male : single,1 <= ... < 4 yrs,unknown / no property,others,unknown/no savings account,no checking account,no
good,24,8487,no credits taken/all credits paid back duly,48,4 <= ... < 7 yrs,no,rent,>= 35,skilled employee/official,1,none,none,0 to 2,female : non-single or male : single,1 <= ... < 4 yrs,building soc. savings agr. / life insurance,others,... >= 1000 DM,... < 0 DM,no
bad,29,6887,existing credits paid back duly till now,36,1 <= ... < 4 yrs,no,rent,< 20,skilled employee/official,1,none,stores,0 to 2,male : married/widowed,4 <= ... < 7 yrs,car or other,repairs,unknown/no savings account,no checking account,yes (under customer name)
good,27,2708,no credits taken/all credits paid back duly,15,< 1 yr,no,rent,25 <= ... < 35,unskilled - resident,2-3,none,bank,0 to 2,male : married/widowed,4 <= ... < 7 yrs,car or other,car (used),unknown/no savings account,... >= 200 DM / salary for at least 1 year,no
good,47,1984,no credits taken/all credits paid back duly,18,1 <= ... < 4 yrs,no,own,< 20,skilled employee/official,2-3,none,bank,0 to 2,male : married/widowed,>= 7 yrs,real estate,car (used),unknown/no savings account,... >= 200 DM / salary for at least 1 year,no
good,21,10144,no credits taken/all credits paid back duly,60,4 <= ... < 7 yrs,no,rent,25 <= ... < 35,skilled employee/official,1,none,none,0 to 2,female : non-single or male : single,>= 7 yrs,unknown / no property,furniture/equipment,... < 100 DM,... >= 200 DM / salary for at least 1 year,yes (under customer name)
good,38,1240,all credits at this bank paid back duly,12,>= 7 yrs,no,rent,< 20,skilled employee/official,2-3,none,none,0 to 2,female : non-single or male : single,1 <= ... < 4 yrs,unknown / no property,furniture/equipment,... >= 1000 DM,... >= 200 DM / salary for at least 1 year,yes (under customer name)
good,27,8613,existing credits paid back duly till now,27,1 <= ... < 4 yrs,no,rent,25 <= ... < 35,skilled employee/official,2-3,none,none,0 to 2,male : married/widowed,1 <= ... < 4 yrs,building soc. savings agr. / life insurance,car (new),500 <= ... < 1000 DM,... >= 200 DM / salary for at least 1 year,no
bad,66,766,no credits taken/all credits paid back duly,12,1 <= ... < 4 yrs,no,rent,< 20,unskilled - resident,1,none,none,0 to 2,male : married/widowed,4 <= ... < 7 yrs,unknown / no property,furniture/equipment,100 <= ... < 500 DM,... < 0 DM,no
good,35,2728,all credits at this bank paid back duly,15,4 <= ... < 7 yrs,no,rent,< 20,skilled employee/official,4-5,guarantor,bank,0 to 2,male : married/widowed,1 <= ... < 4 yrs,unknown / no property,furniture/equipment,... >= 1000 DM,... < 0 DM,yes (under customer name)
good,44,1881,no credits taken/all credits paid back duly,12,1 <= ... < 4 yrs,no,for free,25 <= ... < 35,unskilled - resident,1,none,none,0 to 2,female : non-single or male : single,1 <= ... < 4 yrs,building soc. savings agr. / life insurance,furniture/equipment,unknown/no savings account,0<= ... < 200 DM,yes (under customer name)
good,27,709,no credits taken/all credits paid back duly,6,< 1 yr,yes,rent,25 <= ... < 35,unemployed/unskilled - non-resident,1,none,none,0 to 2,female : single,1 <= ... < 4 yrs,unknown / no property,others,500 <= ... < 1000 DM,0<= ... < 200 DM,no
good,30,4795,no credits taken/all credits paid back duly,36,< 1 yr,no,rent,< 20,manager/self-empl/highly qualif. employee,1,none,none,0 to 2,female : non-single or male : single,< 1 yr,real estate,furniture/equipment,unknown/no savings account,... < 0 DM,yes (under customer name)
good,27,3416,no credits taken/all credits paid back duly,27,1 <= ... < 4 yrs,no,rent,20 <= ... < 25,manager/self-empl/highly qualif. employee,1,none,none,0 to 2,male : married/widowed,1 <= ... < 4 yrs,building soc. savings agr. / life insurance,furniture/equipment,unknown/no savings account,no checking account,no
bad,22,2462,no credits taken/all credits paid back duly,18,1 <= ... < 4 yrs,no,rent,25 <= ... < 35,skilled employee/official,1,none,none,0 to 2,male : married/widowed,1 <= ... < 4 yrs,building soc. savings agr. / life insurance,car (used),unknown/no savings account,no checking account,no
good,23,2288,all credits at this bank paid back duly,21,< 1 yr,no,rent,< 20,skilled employee/official,1,none,none,0 to 2,female : non-single or male : single,>= 7 yrs,car or other,car (used),unknown/no savings account,... >= 200 DM / salary for at least 1 year,yes (under customer name)
good,30,3566,critical account/other credits elsewhere,48,4 <= ... < 7 yrs,no,rent,< 20,skilled employee/official,1,none,none,0 to 2,male : married/widowed,1 <= ... < 4 yrs,building soc. savings agr. / life insurance,retraining,... < 100 DM,... < 0 DM,no
good,39,860,all credits at this bank paid back duly,6,>= 7 yrs,no,rent,>= 35,skilled employee/official,2-3,none,none,0 to 2,female : non-single or male : single,>= 7 yrs,real estate,others,unknown/no savings account,no checking account,yes (under customer name)
good,51,682,all credits at this bank paid back duly,12,4 <= ... < 7 yrs,no,rent,< 20,skilled employee/official,2-3,none,none,0 to 2,female : non-single or male : single,4 <= ... < 7 yrs,building soc. savings agr. / life insurance,others,... < 100 DM,... >= 200 DM / salary for at least 1 year,yes (under customer name)
good,28,5371,all credits at this bank paid back duly,36,1 <= ... < 4 yrs,no,rent,20 <= ... < 25,skilled employee/official,2-3,guarantor,none,0 to 2,male : married/widowed,1 <= ... < 4 yrs,car or other,car (used),unknown/no savings account,no checking account,no
good,46,1582,all credits at this bank paid back duly,18,>= 7 yrs,no,rent,< 20,skilled employee/official,2-3,none,none,0 to 2,male : married/widowed,>= 7 yrs,building soc. savings agr. / life insurance,furniture/equipment,500 <= ... < 1000 DM,... >= 200 DM / salary for at least 1 year,no
good,42,1346,no credits taken/all credits paid back duly,6,>= 7 yrs,no,own,25 <= ... < 35,skilled employee/official,1,none,bank,3 or more,male : married/widowed,>= 7 yrs,real estate,furniture/equipment,... < 100 DM,... >= 200 DM / salary for at least 1 year,yes (under customer name)
good,38,1924,no credits taken/all credits paid back duly,10,1 <= ... < 4 yrs,yes,rent,>= 35,skilled employee/official,1,none,none,0 to 2,male : married/widowed,>= 7 yrs,car or other,furniture/equipment,unknown/no savings account,... >= 200 DM / salary for at least 1 year,yes (under customer name)
good,24,5848,no credits taken/all credits paid back duly,36,1 <= ... < 4 yrs,no,rent,< 20,skilled employee/official,1,none,none,0 to 2,male : married/widowed,< 1 yr,building soc. savings agr. / life insurance,furniture/equipment,unknown/no savings account,0<= ... < 200 DM,no
good,29,7758,all credits at this bank paid back duly,24,>= 7 yrs,no,for free,25 <= ... < 35,skilled employee/official,1,none,none,0 to 2,female : non-single or male : single,>= 7 yrs,real estate,car (new),500 <= ... < 1000 DM,... < 0 DM,no
good,36,6967,existing credits paid back duly till now,24,4 <= ... < 7 yrs,no,for free,< 20,manager/self-empl/highly qualif. employee,1,none,none,0 to 2,male : married/widowed,>= 7 yrs,building soc. savings agr. / life insurance,retraining,... < 100 DM,... < 0 DM,yes (under customer name)
bad,20,1282,no credits taken/all credits paid back duly,12,1 <= ... < 4 yrs,no,for free,25 <= ... < 35,skilled employee/official,1,none,none,0 to 2,female : non-single or male : single,>= 7 yrs,building soc. savings agr. / life insurance,car (used),unknown/no savings account,no checking account,no
good,48,1288,all credits at this bank paid back duly,9,>= 7 yrs,yes,rent,20 <= ... < 25,skilled employee/official,2-3,guarantor,none,3 or more,male : married/widowed,>= 7 yrs,unknown / no property,domestic appliances,... < 100 DM,no checking account,no
good,45,339,critical account/other credits elsewhere,12,>= 7 yrs,no,rent,< 20,unskilled - resident,1,none,bank,0 to 2,female : single,< 1 yr,building soc. savings agr. / life insurance,vacation,unknown/no savings account,no checking account,no
good,38,3512,no credits taken/all credits paid back duly,24,4 <= ... < 7 yrs,no,rent,25 <= ... < 35,skilled employee/official,2-3,none,bank,0 to 2,male : married/widowed,4 <= ... < 7 yrs,building soc. savings agr. / life insurance,others,... < 100 DM,... < 0 DM,yes (under customer name)
good,34,1898,all credits at this bank paid back duly,6,1 <= ... < 4 yrs,no,rent,>= 35,unskilled - resident,2-3,none,none,3 or more,male : married/widowed,1 <= ... < 4 yrs,unknown / no property,furniture/equipment,... >= 1000 DM,... >= 200 DM / salary for at least 1 year,no
good,36,2872,all credits at this bank paid back duly,24,>= 7 yrs,no,rent,20 <= ... < 25,skilled employee/official,1,none,none,3 or more,male : married/widowed,>= 7 yrs,unknown / no property,furniture/equipment,... < 100 DM,... >= 200 DM / salary for at least 1 year,yes (under customer name)
good,30,1055,all credits at this bank paid back duly,18,< 1 yr,no,rent,< 20,skilled employee/official,2-3,none,none,0 to 2,female : non-single or male : single,< 1 yr,car or other,others,unknown/no savings account,... >= 200 DM / salary for at least 1 year,no
good,36,1262,no credits taken/all credits paid back duly,15,4 <= ... < 7 yrs,no,rent,< 20,skilled employee/official,2-3,none,none,0 to 2,male : married/widowed,4 <= ... < 7 yrs,car or other,radio/television,100 <= ... < 500 DM,... >= 200 DM / salary for at least 1 year,yes (under customer name)
good,70,7308,no credits taken/all credits paid back duly,10,unemployed,no,own,25 <= ... < 35,manager/self-empl/highly qualif. employee,1,none,bank,0 to 2,male : married/widowed,>= 7 yrs,real estate,others,unknown/no savings account,... < 0 DM,yes (under customer name)
good,36,909,no credits taken/all credits paid back duly,36,>= 7 yrs,no,rent,< 20,skilled employee/official,1,none,none,0 to 2,male : married/widowed,>= 7 yrs,car or other,others,100 <= ... < 500 DM,... >= 200 DM / salary for at least 1 year,no
good,32,2978,no credits taken/all credits paid back duly,6,1 <= ... < 4 yrs,no,rent,>= 35,skilled employee/official,1,none,none,0 to 2,male : married/widowed,1 <= ... < 4 yrs,building soc. savings agr. / life insurance,car (used),100 <= ... < 500 DM,... >= 200 DM / salary for at least 1 year,yes (under customer name)
bad,33,1131,no credits taken/all credits paid back duly,18,unemployed,no,rent,< 20,skilled employee/official,1,none,none,0 to 2,female : non-single or male : single,1 <= ... < 4 yrs,building soc. savings agr. / life insurance,car (used),unknown/no savings account,no checking account,no
good,20,1577,no credits taken/all credits paid back duly,11,< 1 yr,no,rent,< 20,skilled employee/official,1,none,none,0 to 2,female : non-single or male : single,< 1 yr,unknown / no property,car (used),500 <= ... < 1000 DM,... < 0 DM,no
good,25,3972,no credits taken/all credits paid back duly,24,4 <= ... < 7 yrs,no,for free,25 <= ... < 35,skilled employee/official,1,none,none,0 to 2,female : non-single or male : single,>= 7 yrs,car or other,car (used),unknown/no savings account,... >= 200 DM / salary for at least 1 year,yes (under customer name)
bad,31,1935,all credits at this bank paid back duly,24,>= 7 yrs,no,rent,< 20,skilled employee/official,2-3,none,none,0 to 2,male : divorced/separated,>= 7 yrs,unknown / no property,retraining,unknown/no savings account,... < 0 DM,yes (under customer name)
bad,33,950,delay in paying off in the past,15,>= 7 yrs,no,for free,< 20,skilled employee/official,2-3,none,none,3 or more,male : married/widowed,4 <= ... < 7 yrs,building soc. savings agr. / life insurance,others,unknown/no savings account,no checking account,no
good,26,763,no credits taken/all credits paid back duly,12,1 <= ... < 4 yrs,no,rent,< 20,skilled employee/official,1,none,none,0 to 2,female : non-single or male : single,< 1 yr,unknown / no property,car (used),unknown/no savings account,... >= 200 DM / salary for at least 1 year,yes (under customer name)
bad,34,2064,existing credits paid back duly till now,24,unemployed,no,rent,20 <= ... < 25,manager/self-empl/highly qualif. employee,1,none,none,0 to 2,female : non-single or male : single,1 <= ... < 4 yrs,car or other,car (used),unknown/no savings account,... < 0 DM,yes (under customer name)
good,33,1414,no credits taken/all credits paid back duly,8,1 <= ... < 4 yrs,yes,rent,< 20,skilled employee/official,1,guarantor,none,0 to 2,male : married/widowed,1 <= ... < 4 yrs,unknown / no property,furniture/equipment,unknown/no savings account,... < 0 DM,no
bad,26,3414,existing credits paid back duly till now,21,< 1 yr,no,rent,25 <= ... < 35,skilled employee/official,2-3,none,none,0 to 2,male : married/widowed,< 1 yr,car or other,repairs,unknown/no savings account,no checking account,no
bad,53,7485,critical account/other credits elsewhere,30,unemployed,no,rent,< 20,manager/self-empl/highly qualif. employee,1,none,bank,0 to 2,female : non-single or male : single,< 1 yr,unknown / no property,car (new),... >= 1000 DM,... >= 200 DM / salary for at least 1 year,yes (under customer name)
good,42,2577,no credits taken/all credits paid back duly,12,1 <= ... < 4 yrs,no,rent,25 <= ... < 35,skilled employee/official,1,none,none,0 to 2,male : divorced/separated,< 1 yr,building soc. savings agr. / life insurance,car (used),unknown/no savings account,no checking account,no
good,52,338,all credits at this bank paid back duly,6,>= 7 yrs,no,rent,< 20,skilled employee/official,2-3,none,none,0 to 2,male : married/widowed,>= 7 yrs,building soc. savings agr. / life insurance,furniture/equipment,100 <= ... < 500 DM,no checking account,no
good,31,1963,no credits taken/all credits paid back duly,12,4 <= ... < 7 yrs,no,for free,< 20,manager/self-empl/highly qualif. employee,2-3,none,none,3 or more,male : married/widowed,1 <= ... < 4 yrs,building soc. savings agr. / life insurance,furniture/equipment,unknown/no savings account,... >= 200 DM / salary for at least 1 year,yes (under customer name)
good,65,571,all credits at this bank paid back duly,21,>= 7 yrs,no,rent,< 20,skilled employee/official,2-3,none,none,0 to 2,male : married/widowed,>= 7 yrs,unknown / no property,others,unknown/no savings account,no checking account,no
bad,28,9572,existing credits paid back duly till now,36,< 1 yr,no,rent,>= 35,skilled employee/official,2-3,none,none,0 to 2,male : divorced/separated,< 1 yr,building soc. savings agr. / life insurance,retraining,unknown/no savings account,... >= 200 DM / salary for at least 1 year,no
bad,30,4455,existing credits paid back duly till now,36,1 <= ... < 4 yrs,no,rent,25 <= ... < 35,manager/self-empl/highly qualif. employee,2-3,none,stores,0 to 2,male : divorced/separated,1 <= ... < 4 yrs,unknown / no property,retraining,unknown/no savings account,... < 0 DM,yes (under customer name)
bad,40,1647,critical account/other credits elsewhere,21,1 <= ... < 4 yrs,no,rent,< 20,unskilled - resident,2-3,none,none,3 or more,male : married/widowed,1 <= ... < 4 yrs,car or other,others,... >= 1000 DM,no checking account,no
good,50,3777,all credits at this bank paid back duly,24,1 <= ... < 4 yrs,no,rent,< 20,skilled employee/official,1,none,none,0 to 2,male : married/widowed,>= 7 yrs,unknown / no property,car (used),500 <= ... < 1000 DM,... >= 200 DM / salary for at least 1 year,yes (under customer name)
bad,36,884,all credits at this bank paid back duly,18,>= 7 yrs,no,rent,< 20,skilled employee/official,1,none,bank,3 or more,male : married/widowed,>= 7 yrs,building soc. savings agr. / life insurance,others,unknown/no savings account,... < 0 DM,yes (under customer name)
good,31,1360,all credits at this bank paid back duly,15,1 <= ... < 4 yrs,no,rent,< 20,skilled employee/official,2-3,none,none,0 to 2,male : married/widowed,1 <= ... < 4 yrs,car or other,furniture/equipment,unknown/no savings account,... >= 200 DM / salary for at least 1 year,no
bad,74,5129,critical account/other credits elsewhere,9,>= 7 yrs,no,own,25 <= ... < 35,manager/self-empl/highly qualif. employee,1,none,bank,3 or more,female : non-single or male : single,>= 7 yrs,real estate,car (new),unknown/no savings account,... < 0 DM,yes (under customer name)
good,68,1175,all credits at this bank paid back duly,16,unemployed,no,own,25 <= ... < 35,unemployed/unskilled - non-resident,4-5,none,none,0 to 2,male : married/widowed,4 <= ... < 7 yrs,building soc. savings agr. / life insurance,others,unknown/no savings account,... < 0 DM,yes (under customer name)
bad,20,674,no credits taken/all credits paid back duly,12,4 <= ... < 7 yrs,no,rent,< 20,skilled employee/official,1,none,none,0 to 2,female : single,< 1 yr,car or other,furniture/equipment,... < 100 DM,no checking account,no
good,33,3244,delay in paying off in the past,18,1 <= ... < 4 yrs,no,rent,>= 35,skilled employee/official,2-3,none,bank,0 to 2,female : non-single or male : single,>= 7 yrs,building soc. savings agr. / life insurance,car (used),unknown/no savings account,... < 0 DM,yes (under customer name)
bad,54,4591,no credits taken/all credits paid back duly,24,1 <= ... < 4 yrs,no,rent,25 <= ... < 35,manager/self-empl/highly qualif. employee,4-5,none,none,0 to 2,male : married/widowed,4 <= ... < 7 yrs,car or other,retraining,500 <= ... < 1000 DM,... >= 200 DM / salary for at least 1 year,yes (under customer name)
bad,34,3844,delay in paying off in the past,48,4 <= ... < 7 yrs,no,own,< 20,unskilled - resident,1,none,none,3 or more,male : married/widowed,>= 7 yrs,real estate,retraining,... < 100 DM,... < 0 DM,no
bad,36,3915,no credits taken/all credits paid back duly,27,1 <= ... < 4 yrs,no,rent,< 20,skilled employee/official,1,none,none,3 or more,male : married/widowed,1 <= ... < 4 yrs,building soc. savings agr. / life insurance,retraining,unknown/no savings account,... < 0 DM,yes (under customer name)
good,29,2108,no credits taken/all credits paid back duly,6,4 <= ... < 7 yrs,no,for free,25 <= ... < 35,skilled employee/official,1,none,none,0 to 2,female : single,1 <= ... < 4 yrs,unknown / no property,furniture/equipment,unknown/no savings account,... >= 200 DM / salary for at least 1 year,no
bad,21,3031,no credits taken/all credits paid back duly,45,1 <= ... < 4 yrs,no,for free,< 20,skilled employee/official,1,guarantor,none,0 to 2,male : married/widowed,>= 7 yrs,car or other,furniture/equipment,... < 100 DM,... < 0 DM,no
bad,34,1501,all credits at this bank paid back duly,9,>= 7 yrs,no,rent,25 <= ... < 35,manager/self-empl/highly qualif. employee,2-3,none,none,0 to 2,female : non-single or male : single,4 <= ... < 7 yrs,building soc. savings agr. / life insurance,repairs,unknown/no savings account,... < 0 DM,yes (under customer name)
good,28,1382,all credits at this bank paid back duly,6,1 <= ... < 4 yrs,no,rent,>= 35,skilled employee/official,2-3,none,none,0 to 2,female : non-single or male : single,< 1 yr,building soc. savings agr. / life insurance,furniture/equipment,unknown/no savings account,... >= 200 DM / salary for at least 1 year,yes (under customer name)
bad,27,951,no credits taken/all credits paid back duly,12,< 1 yr,no,for free,< 20,skilled employee/official,>= 6,none,bank,0 to 2,female : non-single or male : single,>= 7 yrs,building soc. savings agr. / life insurance,car (used),... < 100 DM,... < 0 DM,no
good,36,2760,no credits taken/all credits paid back duly,24,>= 7 yrs,no,own,< 20,skilled employee/official,1,none,bank,0 to 2,male : married/widowed,>= 7 yrs,real estate,car (new),... >= 1000 DM,... < 0 DM,yes (under customer name)
bad,40,4297,existing credits paid back duly till now,18,>= 7 yrs,no,rent,< 20,manager/self-empl/highly qualif. employee,1,none,none,0 to 2,male : divorced/separated,4 <= ... < 7 yrs,real estate,car (used),unknown/no savings account,... < 0 DM,yes (under customer name)
good,52,936,all credits at this bank paid back duly,9,>= 7 yrs,no,rent,< 20,skilled employee/official,2-3,none,none,0 to 2,male : married/widowed,1 <= ... < 4 yrs,building soc. savings agr. / life insurance,repairs,100 <= ... < 500 DM,... >= 200 DM / salary for at least 1 year,yes (under customer name)
good,27,1168,no credits taken/all credits paid back duly,12,1 <= ... < 4 yrs,no,rent,< 20,unskilled - resident,1,none,none,0 to 2,female : single,4 <= ... < 7 yrs,unknown / no property,others,unknown/no savings account,no checking account,no
good,26,5117,existing credits paid back duly till now,27,4 <= ... < 7 yrs,no,rent,20 <= ... < 25,skilled employee/official,2-3,none,none,0 to 2,male : married/widowed,>= 7 yrs,building soc. savings agr. / life insurance,retraining,unknown/no savings account,... >= 200 DM / salary for at least 1 year,no
bad,21,902,no credits taken/all credits paid back duly,12,4 <= ... < 7 yrs,no,for free,< 20,skilled employee/official,1,none,none,0 to 2,female : single,>= 7 yrs,car or other,vacation,unknown/no savings account,no checking account,no
good,38,1495,all credits at this bank paid back duly,12,>= 7 yrs,no,rent,< 20,unskilled - resident,2-3,none,none,3 or more,male : married/widowed,< 1 yr,unknown / no property,others,unknown/no savings account,... >= 200 DM / salary for at least 1 year,no
good,38,10623,all credits at this bank paid back duly,30,>= 7 yrs,no,own,20 <= ... < 25,manager/self-empl/highly qualif. employee,4-5,none,none,3 or more,male : married/widowed,>= 7 yrs,real estate,car (new),unknown/no savings account,no checking account,yes (under customer name)
good,43,1935,all credits at this bank paid back duly,12,>= 7 yrs,no,rent,< 20,skilled employee/official,4-5,none,none,0 to 2,male : married/widowed,>= 7 yrs,unknown / no property,car (used),unknown/no savings account,... >= 200 DM / salary for at least 1 year,yes (under customer name)
good,26,1424,all credits at this bank paid back duly,12,4 <= ... < 7 yrs,no,rent,< 20,skilled employee/official,1,none,none,0 to 2,male : married/widowed,4 <= ... < 7 yrs,car or other,radio/television,unknown/no savings account,... < 0 DM,no
good,21,6568,no credits taken/all credits paid back duly,24,1 <= ... < 4 yrs,no,rent,25 <= ... < 35,unskilled - resident,1,none,stores,0 to 2,female : single,1 <= ... < 4 yrs,building soc. savings agr. / life insurance,retraining,unknown/no savings account,no checking account,no
good,55,1413,no credits taken/all credits paid back duly,12,4 <= ... < 7 yrs,yes,rent,20 <= ... < 25,skilled employee/official,1,none,none,0 to 2,male : married/widowed,1 <= ... < 4 yrs,car or other,car (new),500 <= ... < 1000 DM,... >= 200 DM / salary for at least 1 year,no
good,33,3074,all credits at this bank paid back duly,9,1 <= ... < 4 yrs,no,rent,>= 35,skilled employee/official,2-3,none,none,3 or more,male : married/widowed,1 <= ... < 4 yrs,unknown / no property,furniture/equipment,... >= 1000 DM,... >= 200 DM / salary for at least 1 year,no
good,45,3835,no credits taken/all credits paid back duly,36,>= 7 yrs,no,rent,25 <= ... < 35,unskilled - resident,1,none,none,0 to 2,female : non-single or male : single,>= 7 yrs,unknown / no property,furniture/equipment,... >= 1000 DM,... >= 200 DM / salary for at least 1 year,yes (under customer name)
bad,50,5293,delay in paying off in the past,27,unemployed,no,rent,25 <= ... < 35,skilled employee/official,2-3,none,stores,0 to 2,male : married/widowed,>= 7 yrs,car or other,retraining,unknown/no savings account,no checking account,yes (under customer name)
bad,66,1908,existing credits paid back duly till now,30,>= 7 yrs,no,rent,< 20,manager/self-empl/highly qualif. employee,1,none,none,0 to 2,male : married/widowed,>= 7 yrs,unknown / no property,retraining,unknown/no savings account,0<= ... < 200 DM,yes (under customer name)
good,51,3342,all credits at this bank paid back duly,36,>= 7 yrs,no,rent,< 20,skilled employee/official,1,none,none,0 to 2,male : married/widowed,1 <= ... < 4 yrs,building soc. savings agr. / life insurance,furniture/equipment,... >= 1000 DM,... >= 200 DM / salary for at least 1 year,yes (under customer name)
good,39,932,all credits at this bank paid back duly,6,4 <= ... < 7 yrs,no,rent,>= 35,unskilled - resident,2-3,none,none,0 to 2,female : non-single or male : single,4 <= ... < 7 yrs,car or other,vacation,... >= 1000 DM,... < 0 DM,no
good,31,3104,delay in paying off in the past,18,4 <= ... < 7 yrs,no,rent,20 <= ... < 25,skilled employee/official,1,none,bank,0 to 2,male : married/widowed,< 1 yr,car or other,retraining,unknown/no savings account,no checking account,yes (under customer name)
good,23,3913,no credits taken/all credits paid back duly,36,1 <= ... < 4 yrs,no,rent,25 <= ... < 35,skilled employee/official,1,none,none,0 to 2,male : married/widowed,1 <= ... < 4 yrs,unknown / no property,furniture/equipment,unknown/no savings account,0<= ... < 200 DM,yes (under customer name)
good,24,3021,no credits taken/all credits paid back duly,24,1 <= ... < 4 yrs,no,for free,25 <= ... < 35,unskilled - resident,1,none,none,0 to 2,male : divorced/separated,1 <= ... < 4 yrs,unknown / no property,car (used),unknown/no savings account,no checking account,no
good,64,1364,no credits taken/all credits paid back duly,10,1 <= ... < 4 yrs,no,rent,25 <= ... < 35,skilled employee/official,1,none,none,0 to 2,female : non-single or male : single,>= 7 yrs,building soc. savings agr. / life insurance,others,unknown/no savings account,... >= 200 DM / salary for at least 1 year,yes (under customer name)
good,26,625,no credits taken/all credits paid back duly,12,< 1 yr,no,rent,< 20,unskilled - resident,1,guarantor,bank,0 to 2,female : single,< 1 yr,unknown / no property,furniture/equipment,unknown/no savings account,... < 0 DM,no
good,23,1200,no credits taken/all credits paid back duly,12,1 <= ... < 4 yrs,no,for free,< 20,skilled employee/official,1,none,bank,0 to 2,female : non-single or male : single,>= 7 yrs,car or other,repairs,... >= 1000 DM,no checking account,yes (under customer name)
good,30,707,no credits taken/all credits paid back duly,12,1 <= ... < 4 yrs,no,rent,< 20,skilled employee/official,2-3,none,bank,0 to 2,male : married/widowed,1 <= ... < 4 yrs,unknown / no property,furniture/equipment,unknown/no savings account,... >= 200 DM / salary for at least 1 year,no
good,32,2978,existing credits paid back duly till now,24,1 <= ... < 4 yrs,no,rent,< 20,skilled employee/official,2-3,none,none,3 or more,male : married/widowed,>= 7 yrs,unknown / no property,retraining,... >= 1000 DM,... >= 200 DM / salary for at least 1 year,yes (under customer name)
good,30,4657,no credits taken/all credits paid back duly,15,1 <= ... < 4 yrs,no,rent,20 <= ... < 25,skilled employee/official,1,none,none,0 to 2,male : married/widowed,1 <= ... < 4 yrs,building soc. savings agr. / life insurance,car (new),unknown/no savings account,... >= 200 DM / salary for at least 1 year,yes (under customer name)
good,27,2613,delay in paying off in the past,36,1 <= ... < 4 yrs,no,rent,< 20,skilled employee/official,2-3,none,none,0 to 2,male : married/widowed,1 <= ... < 4 yrs,building soc. savings agr. / life insurance,domestic appliances,unknown/no savings account,... >= 200 DM / salary for at least 1 year,no
bad,27,10961,no credits taken/all credits paid back duly,48,4 <= ... < 7 yrs,no,rent,>= 35,skilled employee/official,2-3,co-applicant,bank,0 to 2,male : married/widowed,1 <= ... < 4 yrs,real estate,furniture/equipment,500 <= ... < 1000 DM,... < 0 DM,yes (under customer name)
bad,53,7865,no credits taken/all credits paid back duly,12,>= 7 yrs,no,own,< 20,manager/self-empl/highly qualif. employee,1,none,none,0 to 2,male : married/widowed,>= 7 yrs,real estate,car (used),unknown/no savings account,no checking account,yes (under customer name)
bad,22,1478,no credits taken/all credits paid back duly,9,4 <= ... < 7 yrs,no,rent,< 20,skilled employee/official,1,none,none,0 to 2,male : married/widowed,1 <= ... < 4 yrs,building soc. savings agr. / life insurance,furniture/equipment,unknown/no savings account,... >= 200 DM / salary for at least 1 year,no
good,22,3149,no credits taken/all credits paid back duly,24,< 1 yr,no,own,< 20,skilled employee/official,1,none,bank,0 to 2,male : married/widowed,< 1 yr,real estate,car (used),unknown/no savings account,no checking account,no
bad,26,4210,no credits taken/all credits paid back duly,36,1 <= ... < 4 yrs,no,rent,< 20,skilled employee/official,1,none,none,0 to 2,male : married/widowed,1 <= ... < 4 yrs,building soc. savings agr. / life insurance,furniture/equipment,unknown/no savings account,0<= ... < 200 DM,no
good,51,2507,no credits taken/all credits paid back duly,9,>= 7 yrs,no,own,25 <= ... < 35,unskilled - resident,1,none,none,0 to 2,male : married/widowed,>= 7 yrs,real estate,others,100 <= ... < 500 DM,... >= 200 DM / salary for at least 1 year,no
good,35,2141,no credits taken/all credits paid back duly,12,4 <= ... < 7 yrs,no,rent,20 <= ... < 25,skilled employee/official,1,none,none,0 to 2,male : married/widowed,< 1 yr,real estate,furniture/equipment,... < 100 DM,... >= 200 DM / salary for at least 1 year,no
good,25,866,no credits taken/all credits paid back duly,18,1 <= ... < 4 yrs,no,rent,< 20,unskilled - resident,1,guarantor,none,0 to 2,female : single,1 <= ... < 4 yrs,unknown / no property,furniture/equipment,unknown/no savings account,... < 0 DM,no
good,42,1544,all credits at this bank paid back duly,4,4 <= ... < 7 yrs,no,rent,25 <= ... < 35,unskilled - resident,4-5,none,none,3 or more,male : married/widowed,< 1 yr,unknown / no property,furniture/equipment,unknown/no savings account,... >= 200 DM / salary for at least 1 year,no
bad,30,1823,no credits taken/all credits paid back duly,24,unemployed,no,rent,< 20,manager/self-empl/highly qualif. employee,1,none,stores,3 or more,male : married/widowed,1 <= ... < 4 yrs,building soc. savings agr. / life insurance,furniture/equipment,unknown/no savings account,no checking account,no
bad,23,14555,no credits taken/all credits paid back duly,6,unemployed,no,rent,>= 35,unemployed/unskilled - non-resident,1,none,none,0 to 2,male : married/widowed,1 <= ... < 4 yrs,car or other,others,... >= 1000 DM,... < 0 DM,yes (under customer name)
bad,61,2767,no credits taken/all credits paid back duly,21,>= 7 yrs,no,for free,< 20,unskilled - resident,2-3,none,bank,0 to 2,male : divorced/separated,1 <= ... < 4 yrs,building soc. savings agr. / life insurance,retraining,... < 100 DM,... < 0 DM,no
good,35,1291,all credits at this bank paid back duly,12,1 <= ... < 4 yrs,no,rent,< 20,skilled employee/official,2-3,none,none,0 to 2,female : non-single or male : single,1 <= ... < 4 yrs,car or other,furniture/equipment,unknown/no savings account,... >= 200 DM / salary for at least 1 year,no
good,39,2522,no credits taken/all credits paid back duly,30,>= 7 yrs,no,rent,>= 35,skilled employee/official,1,guarantor,none,3 or more,male : married/widowed,4 <= ... < 7 yrs,car or other,furniture/equipment,unknown/no savings account,no checking account,no
bad,29,915,no credits taken/all credits paid back duly,24,>= 7 yrs,no,rent,< 20,skilled employee/official,1,none,bank,0 to 2,female : non-single or male : single,1 <= ... < 4 yrs,building soc. savings agr. / life insurance,others,... >= 1000 DM,no checking account,no
good,51,1595,no credits taken/all credits paid back duly,6,4 <= ... < 7 yrs,no,rent,20 <= ... < 25,skilled employee/official,1,none,none,3 or more,male : married/widowed,1 <= ... < 4 yrs,car or other,furniture/equipment,unknown/no savings account,... >= 200 DM / salary for at least 1 year,no
bad,24,4605,delay in paying off in the past,48,>= 7 yrs,no,own,20 <= ... < 25,skilled employee/official,2-3,none,none,3 or more,male : married/widowed,>= 7 yrs,real estate,car (new),unknown/no savings account,no checking account,no
good,27,1185,all credits at this bank paid back duly,12,1 <= ... < 4 yrs,no,rent,20 <= ... < 25,skilled employee/official,2-3,none,none,0 to 2,female : non-single or male : single,1 <= ... < 4 yrs,unknown / no property,retraining,unknown/no savings account,... >= 200 DM / salary for at least 1 year,no
good,35,3447,critical account/other credits elsewhere,12,1 <= ... < 4 yrs,no,rent,< 20,unskilled - resident,1,none,none,3 or more,female : non-single or male : single,4 <= ... < 7 yrs,unknown / no property,vacation,100 <= ... < 500 DM,... >= 200 DM / salary for at least 1 year,no
good,25,1258,no credits taken/all credits paid back duly,24,4 <= ... < 7 yrs,no,rent,< 20,skilled employee/official,1,none,none,0 to 2,male : married/widowed,< 1 yr,unknown / no property,retraining,unknown/no savings account,... >= 200 DM / salary for at least 1 year,yes (under customer name)
good,52,717,all credits at this bank paid back duly,12,>= 7 yrs,no,rent,< 20,skilled employee/official,4-5,none,none,0 to 2,male : married/widowed,>= 7 yrs,unknown / no property,furniture/equipment,unknown/no savings account,... >= 200 DM / salary for at least 1 year,no
good,35,1204,delay in paying off in the past,6,1 <= ... < 4 yrs,yes,for free,< 20,skilled employee/official,1,none,bank,0 to 2,male : married/widowed,< 1 yr,real estate,others,... < 100 DM,... >= 200 DM / salary for at least 1 year,no
good,26,1925,no credits taken/all credits paid back duly,24,1 <= ... < 4 yrs,no,rent,25 <= ... < 35,skilled employee/official,1,none,none,0 to 2,male : married/widowed,1 <= ... < 4 yrs,unknown / no property,car (used),unknown/no savings account,0<= ... < 200 DM,no
bad,22,433,no credits taken/all credits paid back duly,18,unemployed,no,for free,20 <= ... < 25,skilled employee/official,1,co-applicant,none,0 to 2,female : non-single or male : single,>= 7 yrs,unknown / no property,furniture/equipment,unknown/no savings account,... >= 200 DM / salary for at least 1 year,no
good,39,666,all credits at this bank paid back duly,6,4 <= ... < 7 yrs,no,rent,20 <= ... < 25,unskilled - resident,2-3,none,none,0 to 2,female : non-single or male : single,>= 7 yrs,unknown / no property,others,500 <= ... < 1000 DM,no checking account,yes (under customer name)
good,46,2251,no credits taken/all credits paid back duly,12,1 <= ... < 4 yrs,no,rent,>= 35,unskilled - resident,1,none,none,0 to 2,female : non-single or male : single,1 <= ... < 4 yrs,building soc. savings agr. / life insurance,car (used),unknown/no savings account,0<= ... < 200 DM,no
bad,24,2150,no credits taken/all credits paid back duly,30,1 <= ... < 4 yrs,no,rent,< 20,skilled employee/official,1,guarantor,bank,0 to 2,female : non-single or male : single,1 <= ... < 4 yrs,real estate,others,unknown/no savings account,... < 0 DM,no
good,35,4151,existing credits paid back duly till now,24,1 <= ... < 4 yrs,no,rent,25 <= ... < 35,skilled employee/official,2-3,none,none,0 to 2,male : married/widowed,4 <= ... < 7 yrs,car or other,car (used),... < 100 DM,... >= 200 DM / salary for at least 1 year,no
good,24,2030,no credits taken/all credits paid back duly,9,4 <= ... < 7 yrs,no,rent,25 <= ... < 35,skilled employee/official,1,none,none,0 to 2,male : married/widowed,< 1 yr,building soc. savings agr. / life insurance,car (used),... >= 1000 DM,... < 0 DM,yes (under customer name)
good,27,7418,existing credits paid back duly till now,60,1 <= ... < 4 yrs,no,rent,>= 35,unskilled - resident,1,none,none,0 to 2,male : married/widowed,< 1 yr,unknown / no property,furniture/equipment,... >= 1000 DM,... < 0 DM,no
good,35,2684,all credits at this bank paid back duly,24,1 <= ... < 4 yrs,no,rent,< 20,unskilled - resident,2-3,none,none,0 to 2,male : married/widowed,1 <= ... < 4 yrs,unknown / no property,furniture/equipment,unknown/no savings account,... >= 200 DM / salary for at least 1 year,no
bad,29,2149,critical account/other credits elsewhere,12,1 <= ... < 4 yrs,no,own,< 20,skilled employee/official,1,none,none,0 to 2,male : divorced/separated,< 1 yr,real estate,furniture/equipment,unknown/no savings account,no checking account,no
good,23,3812,no credits taken/all credits paid back duly,15,< 1 yr,no,rent,>= 35,skilled employee/official,1,none,none,0 to 2,female : non-single or male : single,>= 7 yrs,building soc. savings agr. / life insurance,car (new),... < 100 DM,... >= 200 DM / salary for at least 1 year,yes (under customer name)
good,57,1154,all credits at this bank paid back duly,11,unemployed,no,rent,< 20,unskilled - resident,4-5,none,none,0 to 2,female : non-single or male : single,>= 7 yrs,unknown / no property,furniture/equipment,... < 100 DM,... >= 200 DM / salary for at least 1 year,no
good,27,1657,no credits taken/all credits paid back duly,12,1 <= ... < 4 yrs,no,rent,25 <= ... < 35,skilled employee/official,1,none,none,0 to 2,male : married/widowed,1 <= ... < 4 yrs,unknown / no property,car (used),unknown/no savings account,no checking account,no
good,55,1603,no credits taken/all credits paid back duly,24,>= 7 yrs,no,rent,< 20,skilled employee/official,1,none,none,0 to 2,female : non-single or male : single,>= 7 yrs,building soc. savings agr. / life insurance,furniture/equipment,unknown/no savings account,no checking account,no
good,36,5302,all credits at this bank paid back duly,18,>= 7 yrs,no,own,25 <= ... < 35,manager/self-empl/highly qualif. employee,4-5,none,none,0 to 2,male : married/widowed,>= 7 yrs,real estate,others,unknown/no savings account,no checking account,yes (under customer name)
good,57,2748,all credits at this bank paid back duly,12,>= 7 yrs,no,own,25 <= ... < 35,unskilled - resident,4-5,none,bank,0 to 2,female : non-single or male : single,>= 7 yrs,real estate,repairs,unknown/no savings account,... >= 200 DM / salary for at least 1 year,no
good,32,1231,all credits at this bank paid back duly,10,>= 7 yrs,yes,rent,20 <= ... < 25,unskilled - resident,2-3,none,none,3 or more,male : married/widowed,>= 7 yrs,unknown / no property,others,unknown/no savings account,... >= 200 DM / salary for at least 1 year,no
bad,37,802,no credits taken/all credits paid back duly,15,>= 7 yrs,no,rent,< 20,skilled employee/official,1,none,none,3 or more,male : married/widowed,4 <= ... < 7 yrs,building soc. savings agr. / life insurance,furniture/equipment,unknown/no savings account,... < 0 DM,no
good,36,6304,all credits at this bank paid back duly,36,>= 7 yrs,no,rent,< 20,skilled employee/official,2-3,none,none,0 to 2,male : married/widowed,>= 7 yrs,unknown / no property,retraining,... >= 1000 DM,... >= 200 DM / salary for at least 1 year,no
good,38,1533,no credits taken/all credits paid back duly,24,< 1 yr,no,rent,< 20,skilled employee/official,1,none,stores,0 to 2,female : non-single or male : single,4 <= ... < 7 yrs,building soc. savings agr. / life insurance,furniture/equipment,unknown/no savings account,... >= 200 DM / salary for at least 1 year,yes (under customer name)
bad,45,8978,no credits taken/all credits paid back duly,14,>= 7 yrs,yes,rent,>= 35,manager/self-empl/highly qualif. employee,1,none,none,0 to 2,male : divorced/separated,>= 7 yrs,car or other,others,unknown/no savings account,no checking account,yes (under customer name)
good,25,999,no credits taken/all credits paid back duly,24,>= 7 yrs,no,rent,< 20,skilled employee/official,2-3,none,none,0 to 2,male : married/widowed,1 <= ... < 4 yrs,building soc. savings agr. / life insurance,furniture/equipment,... >= 1000 DM,... >= 200 DM / salary for at least 1 year,no
good,32,2662,no credits taken/all credits paid back duly,18,4 <= ... < 7 yrs,yes,rent,< 20,skilled employee/official,1,none,none,0 to 2,male : married/widowed,4 <= ... < 7 yrs,car or other,others,... >= 1000 DM,... >= 200 DM / salary for at least 1 year,no
good,37,1402,all credits at this bank paid back duly,12,4 <= ... < 7 yrs,no,for free,20 <= ... < 25,skilled employee/official,1,none,none,0 to 2,female : non-single or male : single,>= 7 yrs,building soc. savings agr. / life insurance,car (used),100 <= ... < 500 DM,... >= 200 DM / salary for at least 1 year,yes (under customer name)
good,36,12169,critical account/other credits elsewhere,48,unemployed,no,own,< 20,manager/self-empl/highly qualif. employee,1,co-applicant,none,0 to 2,male : married/widowed,>= 7 yrs,real estate,others,... >= 1000 DM,... < 0 DM,yes (under customer name)
bad,28,3060,no credits taken/all credits paid back duly,48,4 <= ... < 7 yrs,no,rent,< 20,skilled employee/official,2-3,none,none,0 to 2,male : married/widowed,>= 7 yrs,unknown / no property,furniture/equipment,unknown/no savings account,... < 0 DM,no
bad,34,11998,no credits taken/all credits paid back duly,30,< 1 yr,no,rent,>= 35,unskilled - resident,1,none,none,0 to 2,male : divorced/separated,< 1 yr,real estate,domestic appliances,unknown/no savings account,no checking account,yes (under customer name)
good,32,2697,no credits taken/all credits paid back duly,9,1 <= ... < 4 yrs,no,rent,>= 35,skilled employee/official,1,none,none,3 or more,male : married/widowed,1 <= ... < 4 yrs,unknown / no property,furniture/equipment,unknown/no savings account,... >= 200 DM / salary for at least 1 year,no
good,26,2404,all credits at this bank paid back duly,18,1 <= ... < 4 yrs,no,rent,25 <= ... < 35,skilled employee/official,2-3,none,none,0 to 2,female : non-single or male : single,1 <= ... < 4 yrs,building soc. savings agr. / life insurance,furniture/equipment,unknown/no savings account,... >= 200 DM / salary for at least 1 year,no
good,49,1262,no credits taken/all credits paid back duly,12,>= 7 yrs,no,rent,25 <= ... < 35,unskilled - resident,1,none,none,0 to 2,male : divorced/separated,>= 7 yrs,car or other,car (used),... >= 1000 DM,no checking account,yes (under customer name)
bad,32,4611,no credits taken/all credits paid back duly,6,< 1 yr,no,rent,>= 35,skilled employee/official,1,none,none,0 to 2,female : non-single or male : single,>= 7 yrs,car or other,car (used),unknown/no savings account,... >= 200 DM / salary for at least 1 year,no
good,29,1901,no credits taken/all credits paid back duly,24,1 <= ... < 4 yrs,no,for free,< 20,manager/self-empl/highly qualif. employee,1,none,none,0 to 2,male : married/widowed,>= 7 yrs,building soc. savings agr. / life insurance,furniture/equipment,... < 100 DM,... >= 200 DM / salary for at least 1 year,yes (under customer name)
good,23,3368,all credits at this bank paid back duly,15,>= 7 yrs,no,for free,20 <= ... < 25,skilled employee/official,2-3,none,none,0 to 2,male : married/widowed,>= 7 yrs,real estate,car (new),500 <= ... < 1000 DM,... >= 200 DM / salary for at least 1 year,yes (under customer name)
good,50,1574,no credits taken/all credits paid back duly,12,1 <= ... < 4 yrs,no,rent,< 20,skilled employee/official,1,none,none,0 to 2,male : married/widowed,1 <= ... < 4 yrs,unknown / no property,car (used),unknown/no savings account,... >= 200 DM / salary for at least 1 year,no
good,49,1445,critical account/other credits elsewhere,18,4 <= ... < 7 yrs,no,rent,< 20,unskilled - resident,1,none,bank,0 to 2,male : married/widowed,>= 7 yrs,building soc. savings agr. / life insurance,furniture/equipment,... >= 1000 DM,0<= ... < 200 DM,no
good,63,1520,all credits at this bank paid back duly,15,>= 7 yrs,no,rent,< 20,skilled employee/official,1,none,none,0 to 2,male : married/widowed,>= 7 yrs,car or other,car (used),... >= 1000 DM,... >= 200 DM / salary for at least 1 year,no
good,37,3878,all credits at this bank paid back duly,24,< 1 yr,no,rent,< 20,skilled employee/official,1,none,none,0 to 2,male : divorced/separated,1 <= ... < 4 yrs,building soc. savings agr. / life insurance,others,... < 100 DM,... < 0 DM,yes (under customer name)
good,35,10722,no credits taken/all credits paid back duly,47,< 1 yr,no,rent,>= 35,unskilled - resident,1,none,none,0 to 2,female : non-single or male : single,< 1 yr,unknown / no property,others,unknown/no savings account,no checking account,yes (under customer name)
good,26,4788,no credits taken/all credits paid back duly,48,4 <= ... < 7 yrs,no,rent,< 20,skilled employee/official,1,none,none,3 or more,male : married/widowed,4 <= ... < 7 yrs,car or other,car (new),unknown/no savings account,no checking account,no
good,31,7582,existing credits paid back duly till now,48,unemployed,no,own,25 <= ... < 35,manager/self-empl/highly qualif. employee,1,none,none,0 to 2,male : married/widowed,>= 7 yrs,real estate,business,... < 100 DM,... < 0 DM,yes (under customer name)
good,49,1092,no credits taken/all credits paid back duly,12,1 <= ... < 4 yrs,no,rent,< 20,skilled employee/official,2-3,guarantor,none,0 to 2,female : non-single or male : single,>= 7 yrs,unknown / no property,furniture/equipment,unknown/no savings account,... < 0 DM,yes (under customer name)
bad,48,1024,existing credits paid back duly till now,24,< 1 yr,no,rent,< 20,skilled employee/official,1,none,stores,0 to 2,female : single,>= 7 yrs,unknown / no property,furniture/equipment,unknown/no savings account,no checking account,no
good,26,1076,no credits taken/all credits paid back duly,12,1 <= ... < 4 yrs,yes,rent,25 <= ... < 35,skilled employee/official,1,none,none,0 to 2,female : single,1 <= ... < 4 yrs,unknown / no property,retraining,unknown/no savings account,... >= 200 DM / salary for at least 1 year,yes (under customer name)
bad,28,9398,no credits taken/all credits paid back duly,36,< 1 yr,no,for free,>= 35,manager/self-empl/highly qualif. employee,1,none,none,0 to 2,female : single,>= 7 yrs,building soc. savings agr. / life insurance,car (new),unknown/no savings account,... < 0 DM,yes (under customer name)
good,44,6419,all credits at this bank paid back duly,24,>= 7 yrs,no,own,25 <= ... < 35,manager/self-empl/highly qualif. employee,2-3,none,none,3 or more,female : non-single or male : single,>= 7 yrs,real estate,car (new),unknown/no savings account,no checking account,yes (under customer name)
good,56,4796,all credits at this bank paid back duly,42,>= 7 yrs,no,own,< 20,skilled employee/official,1,none,none,0 to 2,male : married/widowed,>= 7 yrs,real estate,car (new),unknown/no savings account,0<= ... < 200 DM,no
good,46,7629,all credits at this bank paid back duly,48,>= 7 yrs,no,rent,< 20,manager/self-empl/highly qualif. employee,2-3,none,bank,3 or more,male : divorced/separated,1 <= ... < 4 yrs,building soc. savings agr. / life insurance,retraining,... >= 1000 DM,... >= 200 DM / salary for at least 1 year,no
bad,26,9960,no credits taken/all credits paid back duly,48,< 1 yr,no,rent,>= 35,skilled employee/official,1,none,none,0 to 2,female : non-single or male : single,1 <= ... < 4 yrs,building soc. savings agr. / life insurance,car (used),unknown/no savings account,... < 0 DM,yes (under customer name)
good,20,4675,no credits taken/all credits paid back duly,12,< 1 yr,no,for free,>= 35,skilled employee/official,1,none,none,0 to 2,female : non-single or male : single,>= 7 yrs,building soc. savings agr. / life insurance,car (new),... >= 1000 DM,... >= 200 DM / salary for at least 1 year,no
good,45,1287,no credits taken/all credits paid back duly,10,>= 7 yrs,yes,rent,< 20,unskilled - resident,1,co-applicant,none,0 to 2,male : married/widowed,1 <= ... < 4 yrs,car or other,others,... >= 1000 DM,... >= 200 DM / salary for at least 1 year,no
good,43,2515,no credits taken/all credits paid back duly,18,1 <= ... < 4 yrs,no,rent,20 <= ... < 25,skilled employee/official,1,none,none,0 to 2,male : married/widowed,>= 7 yrs,unknown / no property,car (used),unknown/no savings account,... >= 200 DM / salary for at least 1 year,yes (under customer name)
good,32,2745,all credits at this bank paid back duly,21,4 <= ... < 7 yrs,no,rent,20 <= ... < 25,skilled employee/official,2-3,none,none,0 to 2,male : married/widowed,1 <= ... < 4 yrs,building soc. savings agr. / life insurance,car (used),500 <= ... < 1000 DM,... < 0 DM,yes (under customer name)
good,54,672,no credits taken/all credits paid back duly,6,unemployed,no,rent,>= 35,unemployed/unskilled - non-resident,1,none,none,0 to 2,female : non-single or male : single,>= 7 yrs,unknown / no property,others,unknown/no savings account,... >= 200 DM / salary for at least 1 year,yes (under customer name)
bad,42,3804,delay in paying off in the past,36,1 <= ... < 4 yrs,no,rent,< 20,skilled employee/official,1,none,none,0 to 2,female : non-single or male : single,< 1 yr,building soc. savings agr. / life insurance,furniture/equipment,unknown/no savings account,... < 0 DM,yes (under customer name)
bad,37,1344,all credits at this bank paid back duly,24,4 <= ... < 7 yrs,no,rent,< 20,unskilled - resident,2-3,none,bank,3 or more,male : married/widowed,1 <= ... < 4 yrs,unknown / no property,others,... >= 1000 DM,0<= ... < 200 DM,no
good,49,1038,all credits at this bank paid back duly,10,4 <= ... < 7 yrs,no,rent,< 20,skilled employee/official,2-3,co-applicant,none,0 to 2,male : married/widowed,4 <= ... < 7 yrs,car or other,others,unknown/no savings account,no checking account,yes (under customer name)
bad,44,10127,all credits at this bank paid back duly,48,1 <= ... < 4 yrs,no,own,25 <= ... < 35,skilled employee/official,1,none,bank,0 to 2,male : married/widowed,1 <= ... < 4 yrs,real estate,others,100 <= ... < 500 DM,... >= 200 DM / salary for at least 1 year,no
good,33,1543,no credits taken/all credits paid back duly,6,1 <= ... < 4 yrs,no,rent,< 20,skilled employee/official,1,none,none,0 to 2,male : divorced/separated,1 <= ... < 4 yrs,unknown / no property,car (used),500 <= ... < 1000 DM,... >= 200 DM / salary for at least 1 year,no
good,24,4811,no credits taken/all credits paid back duly,30,4 <= ... < 7 yrs,no,for free,25 <= ... < 35,unskilled - resident,1,none,stores,0 to 2,female : non-single or male : single,>= 7 yrs,car or other,car (new),... >= 1000 DM,... >= 200 DM / salary for at least 1 year,no
bad,33,727,no credits taken/all credits paid back duly,12,< 1 yr,no,rent,< 20,unskilled - resident,1,none,none,0 to 2,female : single,4 <= ... < 7 yrs,real estate,furniture/equipment,... < 100 DM,no checking account,yes (under customer name)
bad,24,1237,no credits taken/all credits paid back duly,8,1 <= ... < 4 yrs,no,rent,20 <= ... < 25,skilled employee/official,1,none,none,0 to 2,female : non-single or male : single,>= 7 yrs,unknown / no property,car (used),unknown/no savings account,... < 0 DM,no
good,22,276,no credits taken/all credits paid back duly,9,1 <= ... < 4 yrs,no,for free,< 20,unskilled - resident,1,none,none,0 to 2,female : single,>= 7 yrs,unknown / no property,others,unknown/no savings account,... < 0 DM,no
good,40,5381,no credits taken/all credits paid back duly,48,unemployed,no,own,20 <= ... < 25,unemployed/unskilled - non-resident,1,none,bank,0 to 2,male : married/widowed,>= 7 yrs,real estate,business,... >= 1000 DM,... < 0 DM,yes (under customer name)
good,25,5511,no credits taken/all credits paid back duly,24,1 <= ... < 4 yrs,no,rent,< 20,skilled employee/official,1,none,stores,0 to 2,male : married/widowed,< 1 yr,building soc. savings agr. / life insurance,car (used),... < 100 DM,... >= 200 DM / salary for at least 1 year,no
good,26,3749,no credits taken/all credits paid back duly,24,< 1 yr,no,rent,25 <= ... < 35,skilled employee/official,1,none,none,0 to 2,female : non-single or male : single,>= 7 yrs,building soc. savings agr. / life insurance,car (used),unknown/no savings account,0<= ... < 200 DM,no
bad,25,685,no credits taken/all credits paid back duly,12,4 <= ... < 7 yrs,no,rent,25 <= ... < 35,unskilled - resident,1,none,bank,0 to 2,female : single,4 <= ... < 7 yrs,building soc. savings agr. / life insurance,others,unknown/no savings account,... < 0 DM,no
good,29,1494,no credits taken/all credits paid back duly,4,< 1 yr,yes,rent,>= 35,unskilled - resident,1,none,none,3 or more,male : married/widowed,1 <= ... < 4 yrs,unknown / no property,others,... >= 1000 DM,0<= ... < 200 DM,no
bad,31,2746,critical account/other credits elsewhere,36,>= 7 yrs,no,rent,< 20,skilled employee/official,1,none,bank,0 to 2,male : married/widowed,>= 7 yrs,building soc. savings agr. / life insurance,car (used),unknown/no savings account,no checking account,no
good,38,708,no credits taken/all credits paid back duly,12,1 <= ... < 4 yrs,no,rent,25 <= ... < 35,unskilled - resident,1,guarantor,none,3 or more,male : married/widowed,4 <= ... < 7 yrs,car or other,car (used),unknown/no savings account,no checking account,no
good,48,4351,no credits taken/all credits paid back duly,24,1 <= ... < 4 yrs,no,rent,>= 35,unskilled - resident,1,none,none,0 to 2,female : non-single or male : single,>= 7 yrs,car or other,car (used),... >= 1000 DM,... < 0 DM,yes (under customer name)
good,32,701,all credits at this bank paid back duly,12,1 <= ... < 4 yrs,no,rent,< 20,skilled employee/official,2-3,none,none,0 to 2,male : married/widowed,1 <= ... < 4 yrs,building soc. savings agr. / life insurance,repairs,unknown/no savings account,... >= 200 DM / salary for at least 1 year,no
good,27,3643,existing credits paid back duly till now,15,>= 7 yrs,no,rent,>= 35,unskilled - resident,2-3,none,none,0 to 2,female : non-single or male : single,>= 7 yrs,car or other,car (used),unknown/no savings account,no checking account,no
bad,28,4249,all credits at this bank paid back duly,30,unemployed,no,rent,< 20,manager/self-empl/highly qualif. employee,2-3,none,none,0 to 2,female : single,1 <= ... < 4 yrs,building soc. savings agr. / life insurance,others,unknown/no savings account,... < 0 DM,no
bad,32,1938,no credits taken/all credits paid back duly,24,< 1 yr,no,rent,< 20,skilled employee/official,1,none,none,0 to 2,male : divorced/separated,4 <= ... < 7 yrs,car or other,furniture/equipment,unknown/no savings account,no checking account,no
good,34,2910,no credits taken/all credits paid back duly,24,4 <= ... < 7 yrs,no,own,25 <= ... < 35,manager/self-empl/highly qualif. employee,1,none,none,0 to 2,male : married/widowed,< 1 yr,real estate,car (new),unknown/no savings account,no checking account,yes (under customer name)
good,28,2659,no credits taken/all credits paid back duly,18,1 <= ... < 4 yrs,no,rent,< 20,skilled employee/official,1,none,none,0 to 2,male : married/widowed,1 <= ... < 4 yrs,building soc. savings agr. / life insurance,car (used),500 <= ... < 1000 DM,no checking account,no
good,36,1028,all credits at this bank paid back duly,18,1 <= ... < 4 yrs,no,rent,< 20,skilled employee/official,2-3,none,none,0 to 2,female : non-single or male : single,4 <= ... < 7 yrs,unknown / no property,others,unknown/no savings account,... >= 200 DM / salary for at least 1 year,no
good,39,3398,all credits at this bank paid back duly,8,4 <= ... < 7 yrs,yes,rent,>= 35,unskilled - resident,2-3,none,none,0 to 2,male : married/widowed,>= 7 yrs,unknown / no property,others,unknown/no savings account,no checking account,no
good,49,5801,all credits at this bank paid back duly,12,>= 7 yrs,no,for free,25 <= ... < 35,skilled employee/official,1,none,none,0 to 2,male : married/widowed,>= 7 yrs,car or other,car (used),... >= 1000 DM,... >= 200 DM / salary for at least 1 year,yes (under customer name)
good,34,1525,no credits taken/all credits paid back duly,24,4 <= ... < 7 yrs,no,rent,< 20,skilled employee/official,1,none,none,3 or more,female : non-single or male : single,4 <= ... < 7 yrs,building soc. savings agr. / life insurance,others,500 <= ... < 1000 DM,... >= 200 DM / salary for at least 1 year,yes (under customer name)
good,31,4473,no credits taken/all credits paid back duly,36,>= 7 yrs,no,rent,< 20,skilled employee/official,1,none,none,0 to 2,male : married/widowed,1 <= ... < 4 yrs,building soc. savings agr. / life insurance,furniture/equipment,unknown/no savings account,0<= ... < 200 DM,no
good,28,1068,no credits taken/all credits paid back duly,6,>= 7 yrs,no,rent,< 20,skilled employee/official,1,none,none,3 or more,male : married/widowed,>= 7 yrs,building soc. savings agr. / life insurance,furniture/equipment,unknown/no savings account,... < 0 DM,no
good,75,6615,all credits at this bank paid back duly,24,unemployed,no,own,25 <= ... < 35,manager/self-empl/highly qualif. employee,2-3,none,none,0 to 2,male : married/widowed,>= 7 yrs,real estate,car (new),unknown/no savings account,no checking account,yes (under customer name)
bad,30,1864,all credits at this bank paid back duly,18,1 <= ... < 4 yrs,no,rent,< 20,skilled employee/official,2-3,none,none,0 to 2,female : non-single or male : single,1 <= ... < 4 yrs,unknown / no property,repairs,... < 100 DM,... >= 200 DM / salary for at least 1 year,no
bad,24,7408,no credits taken/all credits paid back duly,60,< 1 yr,no,rent,< 20,manager/self-empl/highly qualif. employee,1,none,none,0 to 2,female : non-single or male : single,1 <= ... < 4 yrs,car or other,others,... < 100 DM,... < 0 DM,no
bad,24,11590,all credits at this bank paid back duly,48,1 <= ... < 4 yrs,no,for free,25 <= ... < 35,unskilled - resident,2-3,none,bank,0 to 2,female : non-single or male : single,>= 7 yrs,building soc. savings agr. / life insurance,car (new),... < 100 DM,... >= 200 DM / salary for at least 1 year,no
bad,23,4110,delay in paying off in the past,24,>= 7 yrs,no,for free,20 <= ... < 25,skilled employee/official,2-3,none,bank,3 or more,male : married/widowed,>= 7 yrs,real estate,car (used),unknown/no savings account,no checking account,no
bad,44,3384,all credits at this bank paid back duly,6,1 <= ... < 4 yrs,no,for free,>= 35,manager/self-empl/highly qualif. employee,1,none,none,0 to 2,male : divorced/separated,>= 7 yrs,unknown / no property,car (used),unknown/no savings account,no checking account,yes (under customer name)
good,23,2101,no credits taken/all credits paid back duly,13,< 1 yr,no,rent,25 <= ... < 35,unskilled - resident,1,guarantor,none,0 to 2,female : non-single or male : single,>= 7 yrs,car or other,furniture/equipment,unknown/no savings account,... < 0 DM,no
bad,24,1275,no credits taken/all credits paid back duly,15,1 <= ... < 4 yrs,no,for free,< 20,skilled employee/official,1,none,none,0 to 2,female : non-single or male : single,1 <= ... < 4 yrs,building soc. savings agr. / life insurance,radio/television,... >= 1000 DM,no checking account,no
good,28,4169,no credits taken/all credits paid back duly,24,1 <= ... < 4 yrs,no,rent,< 20,skilled employee/official,1,none,none,0 to 2,male : married/widowed,>= 7 yrs,car or other,car (used),unknown/no savings account,no checking account,no
good,31,1521,no credits taken/all credits paid back duly,10,1 <= ... < 4 yrs,no,rent,< 20,unskilled - resident,1,none,none,0 to 2,male : divorced/separated,1 <= ... < 4 yrs,building soc. savings agr. / life insurance,car (used),unknown/no savings account,... < 0 DM,no
good,24,5743,all credits at this bank paid back duly,24,< 1 yr,no,own,25 <= ... < 35,skilled employee/official,2-3,none,none,0 to 2,female : non-single or male : single,>= 7 yrs,real estate,repairs,unknown/no savings account,... < 0 DM,yes (under customer name)
good,26,3599,no credits taken/all credits paid back duly,21,4 <= ... < 7 yrs,no,for free,>= 35,unskilled - resident,1,none,none,0 to 2,female : non-single or male : single,>= 7 yrs,building soc. savings agr. / life insurance,car (used),unknown/no savings account,no checking account,no
good,25,3213,no credits taken/all credits paid back duly,18,< 1 yr,no,for free,>= 35,skilled employee/official,1,none,none,0 to 2,female : single,4 <= ... < 7 yrs,unknown / no property,furniture/equipment,100 <= ... < 500 DM,... < 0 DM,no
good,33,4439,no credits taken/all credits paid back duly,18,>= 7 yrs,no,rent,>= 35,manager/self-empl/highly qualif. employee,1,co-applicant,bank,0 to 2,male : married/widowed,< 1 yr,unknown / no property,retraining,unknown/no savings account,... < 0 DM,yes (under customer name)
good,37,3949,no credits taken/all credits paid back duly,10,< 1 yr,no,rent,>= 35,unskilled - resident,1,guarantor,none,3 or more,male : married/widowed,< 1 yr,car or other,others,unknown/no savings account,0<= ... < 200 DM,no
good,43,1459,all credits at this bank paid back duly,15,1 <= ... < 4 yrs,no,rent,< 20,unskilled - resident,1,none,none,0 to 2,female : non-single or male : single,1 <= ... < 4 yrs,building soc. savings agr. / life insurance,furniture/equipment,unknown/no savings account,... >= 200 DM / salary for at least 1 year,no
good,23,882,all credits at this bank paid back duly,13,< 1 yr,no,rent,< 20,skilled employee/official,2-3,guarantor,none,0 to 2,male : married/widowed,>= 7 yrs,unknown / no property,furniture/equipment,unknown/no savings account,... < 0 DM,no
good,23,3758,no credits taken/all credits paid back duly,24,unemployed,no,for free,>= 35,unemployed/unskilled - non-resident,1,none,none,0 to 2,female : non-single or male : single,>= 7 yrs,real estate,furniture/equipment,100 <= ... < 500 DM,... < 0 DM,no
good,34,1743,existing credits paid back duly till now,6,1 <= ... < 4 yrs,no,rent,>= 35,unskilled - resident,2-3,none,none,0 to 2,male : married/widowed,1 <= ... < 4 yrs,unknown / no property,retraining,... < 100 DM,... >= 200 DM / salary for at least 1 year,no
bad,32,1136,all credits at this bank paid back duly,9,>= 7 yrs,no,own,< 20,skilled employee/official,2-3,none,none,3 or more,male : married/widowed,4 <= ... < 7 yrs,real estate,repairs,500 <= ... < 1000 DM,... < 0 DM,no
good,23,1236,no credits taken/all credits paid back duly,9,< 1 yr,no,for free,>= 35,skilled employee/official,1,none,none,0 to 2,female : non-single or male : single,>= 7 yrs,unknown / no property,radio/television,unknown/no savings account,... >= 200 DM / salary for at least 1 year,yes (under customer name)
bad,29,959,no credits taken/all credits paid back duly,9,1 <= ... < 4 yrs,yes,rent,>= 35,skilled employee/official,1,none,none,0 to 2,female : non-single or male : single,1 <= ... < 4 yrs,building soc. savings agr. / life insurance,car (used),unknown/no savings account,... < 0 DM,no
good,38,3229,all credits at this bank paid back duly,18,unemployed,no,rent,25 <= ... < 35,manager/self-empl/highly qualif. employee,1,none,none,0 to 2,male : married/widowed,>= 7 yrs,real estate,car (new),... >= 1000 DM,... >= 200 DM / salary for at least 1 year,yes (under customer name)
bad,28,6199,delay in paying off in the past,12,1 <= ... < 4 yrs,no,for free,< 20,skilled employee/official,2-3,none,none,0 to 2,male : married/widowed,1 <= ... < 4 yrs,car or other,furniture/equipment,unknown/no savings account,no checking account,yes (under customer name)
good,46,727,no credits taken/all credits paid back duly,10,>= 7 yrs,no,own,< 20,skilled employee/official,1,none,none,0 to 2,male : married/widowed,>= 7 yrs,real estate,repairs,100 <= ... < 500 DM,... >= 200 DM / salary for at least 1 year,yes (under customer name)
bad,23,1246,no credits taken/all credits paid back duly,24,< 1 yr,no,rent,< 20,unskilled - resident,1,none,stores,0 to 2,male : married/widowed,1 <= ... < 4 yrs,unknown / no property,others,unknown/no savings account,... < 0 DM,no
good,49,2331,all credits at this bank paid back duly,12,>= 7 yrs,no,rent,>= 35,skilled employee/official,1,co-applicant,none,0 to 2,male : married/widowed,>= 7 yrs,unknown / no property,furniture/equipment,... >= 1000 DM,... >= 200 DM / salary for at least 1 year,yes (under customer name)
bad,26,4463,existing credits paid back duly till now,36,1 <= ... < 4 yrs,no,rent,< 20,manager/self-empl/highly qualif. employee,2-3,none,none,0 to 2,male : married/widowed,1 <= ... < 4 yrs,building soc. savings agr. / life insurance,furniture/equipment,unknown/no savings account,... >= 200 DM / salary for at least 1 year,yes (under customer name)
good,28,776,no credits taken/all credits paid back duly,12,1 <= ... < 4 yrs,no,rent,< 20,skilled employee/official,1,none,none,0 to 2,female : single,1 <= ... < 4 yrs,unknown / no property,furniture/equipment,unknown/no savings account,... >= 200 DM / salary for at least 1 year,no
bad,23,2406,no credits taken/all credits paid back duly,30,4 <= ... < 7 yrs,no,for free,< 20,skilled employee/official,1,none,none,0 to 2,female : non-single or male : single,>= 7 yrs,unknown / no property,car (used),unknown/no savings account,no checking account,no
good,61,1239,no credits taken/all credits paid back duly,18,1 <= ... < 4 yrs,no,own,< 20,skilled employee/official,1,none,none,0 to 2,male : married/widowed,>= 7 yrs,real estate,repairs,... >= 1000 DM,... < 0 DM,no
good,37,3399,no credits taken/all credits paid back duly,12,>= 7 yrs,no,rent,25 <= ... < 35,manager/self-empl/highly qualif. employee,1,none,none,0 to 2,male : married/widowed,4 <= ... < 7 yrs,building soc. savings agr. / life insurance,furniture/equipment,... >= 1000 DM,0<= ... < 200 DM,no
good,36,2247,existing credits paid back duly till now,12,1 <= ... < 4 yrs,no,rent,25 <= ... < 35,skilled employee/official,2-3,none,stores,0 to 2,female : non-single or male : single,1 <= ... < 4 yrs,building soc. savings agr. / life insurance,others,unknown/no savings account,0<= ... < 200 DM,yes (under customer name)
good,21,1766,no credits taken/all credits paid back duly,6,1 <= ... < 4 yrs,no,for free,>= 35,skilled employee/official,1,none,none,0 to 2,female : single,1 <= ... < 4 yrs,car or other,car (used),unknown/no savings account,... >= 200 DM / salary for at least 1 year,no
bad,25,2473,no credits taken/all credits paid back duly,18,unemployed,no,rent,< 20,unemployed/unskilled - non-resident,1,none,none,0 to 2,male : married/widowed,< 1 yr,building soc. savings agr. / life insurance,car (used),unknown/no savings account,no checking account,no
good,36,1542,no credits taken/all credits paid back duly,12,4 <= ... < 7 yrs,no,rent,25 <= ... < 35,skilled employee/official,1,none,none,0 to 2,male : married/widowed,>= 7 yrs,building soc. savings agr. / life insurance,retraining,unknown/no savings account,... >= 200 DM / salary for at least 1 year,yes (under customer name)
good,27,3850,all credits at this bank paid back duly,18,4 <= ... < 7 yrs,no,rent,20 <= ... < 25,skilled employee/official,2-3,none,none,0 to 2,male : married/widowed,< 1 yr,building soc. savings agr. / life insurance,car (new),unknown/no savings account,... >= 200 DM / salary for at least 1 year,no
good,22,3650,no credits taken/all credits paid back duly,18,< 1 yr,no,for free,>= 35,skilled employee/official,1,none,none,0 to 2,female : non-single or male : single,>= 7 yrs,building soc. savings agr. / life insurance,car (used),unknown/no savings account,no checking account,no
bad,42,3446,no credits taken/all credits paid back duly,36,>= 7 yrs,no,rent,< 20,skilled employee/official,1,none,none,3 or more,male : married/widowed,1 <= ... < 4 yrs,building soc. savings agr. / life insurance,car (used),unknown/no savings account,no checking account,no
good,40,3001,no credits taken/all credits paid back duly,18,4 <= ... < 7 yrs,no,for free,25 <= ... < 35,skilled employee/official,1,none,none,0 to 2,female : non-single or male : single,>= 7 yrs,unknown / no property,car (used),unknown/no savings account,... < 0 DM,no
good,36,3079,no credits taken/all credits paid back duly,36,1 <= ... < 4 yrs,no,rent,< 20,skilled employee/official,1,none,none,0 to 2,male : married/widowed,>= 7 yrs,unknown / no property,others,... >= 1000 DM,... >= 200 DM / salary for at least 1 year,no
good,33,6070,all credits at this bank paid back duly,18,>= 7 yrs,no,rent,20 <= ... < 25,skilled employee/official,2-3,none,none,0 to 2,male : married/widowed,>= 7 yrs,building soc. savings agr. / life insurance,furniture/equipment,unknown/no savings account,... >= 200 DM / salary for at least 1 year,yes (under customer name)
good,23,2146,all credits at this bank paid back duly,10,< 1 yr,no,for free,>= 35,skilled employee/official,2-3,none,none,0 to 2,female : non-single or male : single,4 <= ... < 7 yrs,unknown / no property,car (used),unknown/no savings account,... >= 200 DM / salary for at least 1 year,no
good,63,13756,all credits at this bank paid back duly,60,>= 7 yrs,no,own,25 <= ... < 35,manager/self-empl/highly qualif. employee,1,none,bank,0 to 2,male : married/widowed,>= 7 yrs,real estate,others,... >= 1000 DM,... >= 200 DM / salary for at least 1 year,yes (under customer name)
bad,60,14782,critical account/other credits elsewhere,60,>= 7 yrs,no,own,20 <= ... < 25,manager/self-empl/highly qualif. employee,2-3,none,bank,0 to 2,female : non-single or male : single,>= 7 yrs,real estate,business,... < 100 DM,... < 0 DM,yes (under customer name)
bad,37,7685,critical account/other credits elsewhere,48,4 <= ... < 7 yrs,no,for free,25 <= ... < 35,skilled employee/official,1,guarantor,none,0 to 2,female : non-single or male : single,>= 7 yrs,building soc. savings agr. / life insurance,retraining,unknown/no savings account,no checking account,no
good,34,2320,existing credits paid back duly till now,18,unemployed,no,rent,25 <= ... < 35,skilled employee/official,2-3,none,none,0 to 2,female : single,4 <= ... < 7 yrs,unknown / no property,furniture/equipment,unknown/no savings account,... >= 200 DM / salary for at least 1 year,no
good,36,846,existing credits paid back duly till now,7,>= 7 yrs,no,own,20 <= ... < 25,skilled employee/official,1,none,none,0 to 2,male : married/widowed,>= 7 yrs,real estate,furniture/equipment,... >= 1000 DM,... >= 200 DM / salary for at least 1 year,no
bad,57,14318,no credits taken/all credits paid back duly,36,>= 7 yrs,no,own,< 20,manager/self-empl/highly qualif. employee,1,none,none,0 to 2,male : married/widowed,1 <= ... < 4 yrs,real estate,others,unknown/no savings account,... < 0 DM,yes (under customer name)
good,52,362,all credits at this bank paid back duly,6,1 <= ... < 4 yrs,no,rent,< 20,unskilled - resident,2-3,none,none,0 to 2,female : non-single or male : single,>= 7 yrs,building soc. savings agr. / life insurance,others,... < 100 DM,... >= 200 DM / salary for at least 1 year,no
good,39,2212,no credits taken/all credits paid back duly,20,4 <= ... < 7 yrs,no,rent,< 20,skilled employee/official,1,none,none,0 to 2,male : married/widowed,>= 7 yrs,building soc. savings agr. / life insurance,car (used),... >= 1000 DM,no checking account,yes (under customer name)
bad,38,12976,no credits taken/all credits paid back duly,18,unemployed,no,own,20 <= ... < 25,manager/self-empl/highly qualif. employee,1,none,none,0 to 2,female : non-single or male : single,>= 7 yrs,real estate,car (new),unknown/no savings account,... < 0 DM,yes (under customer name)
good,25,1283,no credits taken/all credits paid back duly,22,4 <= ... < 7 yrs,no,for free,< 20,skilled employee/official,1,none,none,0 to 2,female : non-single or male : single,>= 7 yrs,car or other,others,... >= 1000 DM,... >= 200 DM / salary for at least 1 year,no
good,26,1330,no credits taken/all credits paid back duly,12,< 1 yr,no,rent,< 20,skilled employee/official,1,none,none,0 to 2,male : married/widowed,< 1 yr,unknown / no property,others,unknown/no savings account,0<= ... < 200 DM,no
good,26,4272,existing credits paid back duly till now,30,1 <= ... < 4 yrs,no,rent,25 <= ... < 35,unskilled - resident,2-3,none,none,0 to 2,male : married/widowed,1 <= ... < 4 yrs,car or other,retraining,... < 100 DM,... >= 200 DM / salary for at least 1 year,no
good,25,2238,all credits at this bank paid back duly,18,1 <= ... < 4 yrs,no,rent,25 <= ... < 35,skilled employee/official,2-3,none,none,0 to 2,female : non-single or male : single,< 1 yr,building soc. savings agr. / life insurance,furniture/equipment,unknown/no savings account,... >= 200 DM / salary for at least 1 year,no
good,21,1126,no credits taken/all credits paid back duly,18,< 1 yr,no,for free,< 20,skilled employee/official,1,none,none,0 to 2,female : non-single or male : single,1 <= ... < 4 yrs,unknown / no property,furniture/equipment,... >= 1000 DM,... >= 200 DM / salary for at least 1 year,yes (under customer name)
good,40,7374,all credits at this bank paid back duly,18,unemployed,no,rent,< 20,manager/self-empl/highly qualif. employee,2-3,none,stores,0 to 2,male : married/widowed,>= 7 yrs,car or other,car (used),unknown/no savings account,... < 0 DM,yes (under customer name)
good,27,2326,all credits at this bank paid back duly,15,1 <= ... < 4 yrs,no,rent,25 <= ... < 35,skilled employee/official,1,none,bank,0 to 2,male : married/widowed,>= 7 yrs,building soc. savings agr. / life insurance,retraining,100 <= ... < 500 DM,... < 0 DM,no
good,27,1449,no credits taken/all credits paid back duly,9,4 <= ... < 7 yrs,no,rent,20 <= ... < 25,skilled employee/official,2-3,none,none,0 to 2,female : non-single or male : single,1 <= ... < 4 yrs,building soc. savings agr. / life insurance,retraining,unknown/no savings account,... >= 200 DM / salary for at least 1 year,no
good,30,1820,no credits taken/all credits paid back duly,18,1 <= ... < 4 yrs,no,rent,25 <= ... < 35,manager/self-empl/highly qualif. employee,1,none,none,0 to 2,female : single,1 <= ... < 4 yrs,car or other,others,unknown/no savings account,... >= 200 DM / salary for at least 1 year,yes (under customer name)
good,19,983,no credits taken/all credits paid back duly,12,< 1 yr,no,for free,>= 35,unskilled - resident,1,none,none,0 to 2,female : non-single or male : single,>= 7 yrs,unknown / no property,car (used),500 <= ... < 1000 DM,... < 0 DM,no
good,39,3249,no credits taken/all credits paid back duly,36,4 <= ... < 7 yrs,no,own,25 <= ... < 35,manager/self-empl/highly qualif. employee,1,none,bank,3 or more,male : married/widowed,>= 7 yrs,real estate,others,unknown/no savings account,no checking account,yes (under customer name)
good,31,1957,all credits at this bank paid back duly,6,4 <= ... < 7 yrs,no,rent,>= 35,skilled employee/official,1,none,none,0 to 2,female : non-single or male : single,>= 7 yrs,building soc. savings agr. / life insurance,furniture/equipment,unknown/no savings account,no checking account,no
good,31,2406,all credits at this bank paid back duly,9,unemployed,no,rent,25 <= ... < 35,manager/self-empl/highly qualif. employee,1,none,none,0 to 2,male : married/widowed,4 <= ... < 7 yrs,building soc. savings agr. / life insurance,car (used),unknown/no savings account,... >= 200 DM / salary for at least 1 year,no
good,32,11760,existing credits paid back duly till now,39,4 <= ... < 7 yrs,no,for free,25 <= ... < 35,skilled employee/official,1,none,none,0 to 2,male : married/widowed,4 <= ... < 7 yrs,real estate,repairs,... < 100 DM,... < 0 DM,yes (under customer name)
good,55,2578,no credits taken/all credits paid back duly,12,unemployed,no,own,20 <= ... < 25,manager/self-empl/highly qualif. employee,1,none,none,0 to 2,female : non-single or male : single,>= 7 yrs,real estate,car (used),unknown/no savings account,no checking account,no
good,46,2348,all credits at this bank paid back duly,36,1 <= ... < 4 yrs,no,rent,20 <= ... < 25,skilled employee/official,2-3,none,none,0 to 2,female : single,1 <= ... < 4 yrs,car or other,car (used),unknown/no savings account,no checking account,yes (under customer name)
bad,46,1223,no credits taken/all credits paid back duly,12,>= 7 yrs,no,for free,>= 35,skilled employee/official,2-3,none,none,0 to 2,male : divorced/separated,< 1 yr,unknown / no property,others,unknown/no savings account,... < 0 DM,no
good,43,1516,all credits at this bank paid back duly,24,1 <= ... < 4 yrs,no,rent,< 20,unskilled - resident,2-3,none,none,0 to 2,female : non-single or male : single,< 1 yr,unknown / no property,furniture/equipment,500 <= ... < 1000 DM,... >= 200 DM / salary for at least 1 year,no
good,39,1473,no credits taken/all credits paid back duly,18,< 1 yr,no,rent,20 <= ... < 25,skilled employee/official,1,none,none,0 to 2,female : single,>= 7 yrs,unknown / no property,furniture/equipment,unknown/no savings account,... >= 200 DM / salary for at least 1 year,yes (under customer name)
good,28,1887,all credits at this bank paid back duly,18,1 <= ... < 4 yrs,no,rent,< 20,skilled employee/official,2-3,none,bank,0 to 2,female : single,>= 7 yrs,unknown / no property,retraining,... >= 1000 DM,... < 0 DM,no
bad,27,8648,existing credits paid back duly till now,24,< 1 yr,no,rent,25 <= ... < 35,skilled employee/official,2-3,none,bank,0 to 2,male : married/widowed,1 <= ... < 4 yrs,building soc. savings agr. / life insurance,retraining,unknown/no savings account,... >= 200 DM / salary for at least 1 year,yes (under customer name)
good,27,802,existing credits paid back duly till now,14,1 <= ... < 4 yrs,no,rent,< 20,unskilled - resident,2-3,none,none,0 to 2,male : married/widowed,1 <= ... < 4 yrs,building soc. savings agr. / life insurance,others,unknown/no savings account,... >= 200 DM / salary for at least 1 year,no
good,43,2899,existing credits paid back duly till now,18,>= 7 yrs,no,rent,< 20,skilled employee/official,1,none,none,3 or more,male : married/widowed,>= 7 yrs,building soc. savings agr. / life insurance,others,... >= 1000 DM,... < 0 DM,no
bad,22,2039,no credits taken/all credits paid back duly,24,< 1 yr,no,rent,>= 35,skilled employee/official,1,none,none,0 to 2,female : single,< 1 yr,car or other,furniture/equipment,unknown/no savings account,... < 0 DM,yes (under customer name)
good,43,2197,all credits at this bank paid back duly,24,4 <= ... < 7 yrs,no,rent,< 20,skilled employee/official,2-3,none,none,3 or more,male : married/widowed,>= 7 yrs,building soc. savings agr. / life insurance,car (new),... >= 1000 DM,... >= 200 DM / salary for at least 1 year,yes (under customer name)
good,27,1053,no credits taken/all credits paid back duly,15,< 1 yr,yes,rent,< 20,skilled employee/official,1,none,none,0 to 2,female : single,1 <= ... < 4 yrs,unknown / no property,furniture/equipment,unknown/no savings account,no checking account,no
good,26,3235,no credits taken/all credits paid back duly,24,>= 7 yrs,no,rent,20 <= ... < 25,manager/self-empl/highly qualif. employee,1,none,none,0 to 2,male : divorced/separated,1 <= ... < 4 yrs,building soc. savings agr. / life insurance,furniture/equipment,100 <= ... < 500 DM,... >= 200 DM / salary for at least 1 year,yes (under customer name)
bad,28,939,all credits at this bank paid back duly,12,4 <= ... < 7 yrs,no,rent,< 20,skilled employee/official,4-5,none,none,0 to 2,female : single,1 <= ... < 4 yrs,unknown / no property,others,100 <= ... < 500 DM,0<= ... < 200 DM,yes (under customer name)
good,20,1967,no credits taken/all credits paid back duly,24,>= 7 yrs,no,rent,< 20,skilled employee/official,1,none,none,0 to 2,female : non-single or male : single,>= 7 yrs,building soc. savings agr. / life insurance,furniture/equipment,unknown/no savings account,... < 0 DM,yes (under customer name)
good,35,7253,all credits at this bank paid back duly,33,4 <= ... < 7 yrs,no,rent,20 <= ... < 25,manager/self-empl/highly qualif. employee,2-3,none,none,0 to 2,male : married/widowed,1 <= ... < 4 yrs,building soc. savings agr. / life insurance,car (new),unknown/no savings account,... >= 200 DM / salary for at least 1 year,yes (under customer name)
bad,42,2292,all credits at this bank paid back duly,12,unemployed,no,rent,< 20,manager/self-empl/highly qualif. employee,2-3,none,stores,0 to 2,male : married/widowed,1 <= ... < 4 yrs,building soc. savings agr. / life insurance,retraining,unknown/no savings account,... >= 200 DM / salary for at least 1 year,yes (under customer name)
good,40,1597,no credits taken/all credits paid back duly,10,1 <= ... < 4 yrs,yes,for free,20 <= ... < 25,unskilled - resident,1,none,none,3 or more,male : married/widowed,1 <= ... < 4 yrs,real estate,others,100 <= ... < 500 DM,... >= 200 DM / salary for at least 1 year,no
bad,35,1381,no credits taken/all credits paid back duly,24,1 <= ... < 4 yrs,no,rent,< 20,skilled employee/official,1,none,none,0 to 2,female : non-single or male : single,1 <= ... < 4 yrs,car or other,others,... >= 1000 DM,no checking account,no
good,35,5842,all credits at this bank paid back duly,36,>= 7 yrs,no,rent,25 <= ... < 35,skilled employee/official,2-3,none,none,3 or more,male : married/widowed,1 <= ... < 4 yrs,car or other,car (new),unknown/no savings account,... >= 200 DM / salary for at least 1 year,yes (under customer name)
bad,33,2579,no credits taken/all credits paid back duly,12,< 1 yr,no,rent,< 20,unskilled - resident,1,none,none,3 or more,male : married/widowed,< 1 yr,unknown / no property,others,unknown/no savings account,no checking account,no
good,23,8471,existing credits paid back duly till now,18,1 <= ... < 4 yrs,no,for free,>= 35,skilled employee/official,2-3,none,none,0 to 2,female : non-single or male : single,1 <= ... < 4 yrs,building soc. savings agr. / life insurance,repairs,... >= 1000 DM,no checking account,yes (under customer name)
good,31,2782,no credits taken/all credits paid back duly,21,4 <= ... < 7 yrs,no,rent,>= 35,manager/self-empl/highly qualif. employee,1,none,bank,0 to 2,female : non-single or male : single,1 <= ... < 4 yrs,building soc. savings agr. / life insurance,others,100 <= ... < 500 DM,... >= 200 DM / salary for at least 1 year,no
bad,33,1042,no credits taken/all credits paid back duly,18,1 <= ... < 4 yrs,no,rent,< 20,skilled employee/official,1,none,none,0 to 2,female : non-single or male : single,1 <= ... < 4 yrs,car or other,others,... >= 1000 DM,... < 0 DM,no
good,20,3186,no credits taken/all credits paid back duly,15,4 <= ... < 7 yrs,no,for free,25 <= ... < 35,skilled employee/official,1,none,none,0 to 2,female : non-single or male : single,4 <= ... < 7 yrs,building soc. savings agr. / life insurance,others,500 <= ... < 1000 DM,... >= 200 DM / salary for at least 1 year,no
good,30,2028,no credits taken/all credits paid back duly,12,1 <= ... < 4 yrs,no,rent,< 20,skilled employee/official,1,none,none,0 to 2,male : married/widowed,1 <= ... < 4 yrs,building soc. savings agr. / life insurance,car (new),... >= 1000 DM,... < 0 DM,no
good,47,958,all credits at this bank paid back duly,12,4 <= ... < 7 yrs,no,rent,25 <= ... < 35,unskilled - resident,2-3,none,none,3 or more,male : married/widowed,4 <= ... < 7 yrs,unknown / no property,others,unknown/no savings account,... < 0 DM,no
good,34,1591,existing credits paid back duly till now,21,4 <= ... < 7 yrs,no,rent,< 20,manager/self-empl/highly qualif. employee,2-3,none,none,0 to 2,male : married/widowed,4 <= ... < 7 yrs,unknown / no property,car (used),... < 100 DM,... >= 200 DM / salary for at least 1 year,no
bad,25,2762,no credits taken/all credits paid back duly,12,>= 7 yrs,no,rent,>= 35,skilled employee/official,1,none,bank,0 to 2,female : non-single or male : single,1 <= ... < 4 yrs,car or other,car (used),... >= 1000 DM,... < 0 DM,yes (under customer name)
good,21,2779,no credits taken/all credits paid back duly,18,1 <= ... < 4 yrs,no,for free,>= 35,skilled employee/official,1,none,none,0 to 2,female : single,4 <= ... < 7 yrs,building soc. savings agr. / life insurance,car (new),unknown/no savings account,... < 0 DM,yes (under customer name)
good,29,2743,all credits at this bank paid back duly,28,>= 7 yrs,no,rent,< 20,skilled employee/official,2-3,none,none,0 to 2,male : married/widowed,1 <= ... < 4 yrs,building soc. savings agr. / life insurance,furniture/equipment,unknown/no savings account,... >= 200 DM / salary for at least 1 year,no
good,46,1149,all credits at this bank paid back duly,18,1 <= ... < 4 yrs,no,rent,< 20,skilled employee/official,2-3,none,none,0 to 2,male : married/widowed,4 <= ... < 7 yrs,unknown / no property,furniture/equipment,500 <= ... < 1000 DM,... >= 200 DM / salary for at least 1 year,no
good,20,1313,no credits taken/all credits paid back duly,9,>= 7 yrs,no,rent,>= 35,skilled employee/official,1,none,none,0 to 2,male : married/widowed,>= 7 yrs,building soc. savings agr. / life insurance,car (used),unknown/no savings account,... >= 200 DM / salary for at least 1 year,no
bad,55,1190,all credits at this bank paid back duly,18,unemployed,no,own,25 <= ... < 35,unemployed/unskilled - non-resident,4-5,none,none,3 or more,female : non-single or male : single,>= 7 yrs,real estate,domestic appliances,unknown/no savings account,no checking account,no
good,74,3448,no credits taken/all credits paid back duly,5,4 <= ... < 7 yrs,no,rent,>= 35,unskilled - resident,1,none,none,0 to 2,male : married/widowed,>= 7 yrs,unknown / no property,retraining,unknown/no savings account,... >= 200 DM / salary for at least 1 year,no
bad,29,11328,no credits taken/all credits paid back duly,24,1 <= ... < 4 yrs,no,rent,25 <= ... < 35,manager/self-empl/highly qualif. employee,2-3,co-applicant,bank,0 to 2,male : married/widowed,4 <= ... < 7 yrs,building soc. savings agr. / life insurance,business,unknown/no savings account,... < 0 DM,yes (under customer name)
good,36,1872,all credits at this bank paid back duly,6,unemployed,no,own,< 20,manager/self-empl/highly qualif. employee,4-5,none,none,0 to 2,male : married/widowed,>= 7 yrs,real estate,car (used),unknown/no savings account,no checking account,yes (under customer name)
good,33,2058,all credits at this bank paid back duly,24,1 <= ... < 4 yrs,no,rent,< 20,skilled employee/official,2-3,none,none,0 to 2,male : divorced/separated,1 <= ... < 4 yrs,unknown / no property,domestic appliances,unknown/no savings account,... >= 200 DM / salary for at least 1 year,yes (under customer name)
good,25,2136,no credits taken/all credits paid back duly,9,1 <= ... < 4 yrs,no,rent,20 <= ... < 25,skilled employee/official,1,none,none,0 to 2,male : married/widowed,1 <= ... < 4 yrs,unknown / no property,car (used),unknown/no savings account,no checking account,no
bad,25,1484,no credits taken/all credits paid back duly,12,1 <= ... < 4 yrs,no,rent,25 <= ... < 35,skilled employee/official,1,none,none,0 to 2,female : single,< 1 yr,unknown / no property,furniture/equipment,... >= 1000 DM,... < 0 DM,yes (under customer name)
good,23,660,no credits taken/all credits paid back duly,6,4 <= ... < 7 yrs,no,for free,25 <= ... < 35,unskilled - resident,1,none,none,0 to 2,female : single,>= 7 yrs,unknown / no property,domestic appliances,100 <= ... < 500 DM,... >= 200 DM / salary for at least 1 year,no
good,37,1287,all credits at this bank paid back duly,24,>= 7 yrs,no,rent,< 20,skilled employee/official,2-3,none,none,0 to 2,female : non-single or male : single,>= 7 yrs,unknown / no property,others,500 <= ... < 1000 DM,... >= 200 DM / salary for at least 1 year,yes (under customer name)
good,65,3394,all credits at this bank paid back duly,42,unemployed,no,rent,< 20,unemployed/unskilled - non-resident,2-3,co-applicant,none,0 to 2,male : married/widowed,>= 7 yrs,building soc. savings agr. / life insurance,domestic appliances,unknown/no savings account,no checking account,no
bad,26,609,critical account/other credits elsewhere,12,< 1 yr,no,rent,< 20,unemployed/unskilled - non-resident,1,none,none,0 to 2,female : non-single or male : single,< 1 yr,unknown / no property,retraining,unknown/no savings account,0<= ... < 200 DM,no
good,39,1884,no credits taken/all credits paid back duly,12,>= 7 yrs,no,rent,< 20,manager/self-empl/highly qualif. employee,1,none,none,0 to 2,male : married/widowed,>= 7 yrs,building soc. savings agr. / life insurance,others,unknown/no savings account,... >= 200 DM / salary for at least 1 year,yes (under customer name)
good,30,1620,no credits taken/all credits paid back duly,12,1 <= ... < 4 yrs,no,rent,25 <= ... < 35,skilled employee/official,1,co-applicant,none,0 to 2,female : non-single or male : single,4 <= ... < 7 yrs,car or other,car (used),unknown/no savings account,no checking account,no
good,29,2629,existing credits paid back duly till now,20,1 <= ... < 4 yrs,no,rent,25 <= ... < 35,skilled employee/official,2-3,none,bank,0 to 2,male : married/widowed,4 <= ... < 7 yrs,building soc. savings agr. / life insurance,business,unknown/no savings account,... < 0 DM,yes (under customer name)
bad,41,719,no credits taken/all credits paid back duly,12,>= 7 yrs,no,rent,< 20,unskilled - resident,1,none,bank,3 or more,male : married/widowed,>= 7 yrs,building soc. savings agr. / life insurance,repairs,unknown/no savings account,... >= 200 DM / salary for at least 1 year,no
bad,30,5096,all credits at this bank paid back duly,48,1 <= ... < 4 yrs,no,rent,25 <= ... < 35,manager/self-empl/highly qualif. employee,1,none,none,0 to 2,female : non-single or male : single,4 <= ... < 7 yrs,building soc. savings agr. / life insurance,car (used),unknown/no savings account,... < 0 DM,yes (under customer name)
good,41,1244,all credits at this bank paid back duly,9,>= 7 yrs,no,for free,< 20,unskilled - resident,2-3,none,none,0 to 2,female : non-single or male : single,>= 7 yrs,car or other,repairs,... >= 1000 DM,... >= 200 DM / salary for at least 1 year,no
bad,34,1842,no credits taken/all credits paid back duly,36,< 1 yr,no,rent,< 20,skilled employee/official,1,none,none,0 to 2,female : non-single or male : single,>= 7 yrs,building soc. savings agr. / life insurance,others,unknown/no savings account,no checking account,yes (under customer name)
good,35,2576,no credits taken/all credits paid back duly,7,1 <= ... < 4 yrs,no,rent,25 <= ... < 35,skilled employee/official,1,guarantor,none,0 to 2,male : married/widowed,1 <= ... < 4 yrs,unknown / no property,furniture/equipment,unknown/no savings account,... < 0 DM,no
good,55,1424,no credits taken/all credits paid back duly,12,>= 7 yrs,no,rent,20 <= ... < 25,manager/self-empl/highly qualif. employee,1,none,none,0 to 2,female : non-single or male : single,>= 7 yrs,unknown / no property,car (used),... >= 1000 DM,0<= ... < 200 DM,yes (under customer name)
bad,61,1512,existing credits paid back duly till now,15,1 <= ... < 4 yrs,no,rent,20 <= ... < 25,skilled employee/official,2-3,none,stores,0 to 2,female : single,4 <= ... < 7 yrs,car or other,domestic appliances,500 <= ... < 1000 DM,... < 0 DM,no
good,30,11054,all credits at this bank paid back duly,36,1 <= ... < 4 yrs,no,rent,< 20,manager/self-empl/highly qualif. employee,1,none,none,0 to 2,male : married/widowed,1 <= ... < 4 yrs,building soc. savings agr. / life insurance,car (new),... >= 1000 DM,... >= 200 DM / salary for at least 1 year,yes (under customer name)
good,29,518,no credits taken/all credits paid back duly,6,1 <= ... < 4 yrs,no,rent,20 <= ... < 25,skilled employee/official,1,none,none,0 to 2,female : non-single or male : single,< 1 yr,unknown / no property,furniture/equipment,unknown/no savings account,... >= 200 DM / salary for at least 1 year,no
good,34,2759,delay in paying off in the past,12,>= 7 yrs,no,rent,25 <= ... < 35,skilled employee/official,2-3,none,none,0 to 2,male : married/widowed,>= 7 yrs,car or other,car (used),unknown/no savings account,... >= 200 DM / salary for at least 1 year,no
good,35,2670,no credits taken/all credits paid back duly,24,>= 7 yrs,no,rent,< 20,manager/self-empl/highly qualif. employee,1,none,none,0 to 2,male : married/widowed,>= 7 yrs,building soc. savings agr. / life insurance,car (new),unknown/no savings account,... >= 200 DM / salary for at least 1 year,yes (under customer name)
bad,31,4817,no credits taken/all credits paid back duly,24,4 <= ... < 7 yrs,no,rent,25 <= ... < 35,skilled employee/official,1,co-applicant,none,0 to 2,male : married/widowed,4 <= ... < 7 yrs,car or other,others,unknown/no savings account,no checking account,yes (under customer name)
good,29,2679,no credits taken/all credits paid back duly,24,< 1 yr,no,rent,< 20,manager/self-empl/highly qualif. employee,1,none,none,0 to 2,female : non-single or male : single,< 1 yr,real estate,car (new),unknown/no savings account,... >= 200 DM / salary for at least 1 year,yes (under customer name)
good,36,3905,all credits at this bank paid back duly,11,1 <= ... < 4 yrs,no,for free,25 <= ... < 35,skilled employee/official,2-3,none,none,3 or more,male : married/widowed,1 <= ... < 4 yrs,unknown / no property,others,unknown/no savings account,no checking account,no
bad,35,3386,no credits taken/all credits paid back duly,12,>= 7 yrs,no,own,20 <= ... < 25,skilled employee/official,1,none,none,0 to 2,male : married/widowed,>= 7 yrs,real estate,car (new),unknown/no savings account,no checking account,yes (under customer name)
good,27,343,no credits taken/all credits paid back duly,6,< 1 yr,no,rent,< 20,skilled employee/official,1,none,none,0 to 2,female : non-single or male : single,< 1 yr,unknown / no property,radio/television,unknown/no savings account,no checking account,no
good,32,4594,no credits taken/all credits paid back duly,18,< 1 yr,no,rent,20 <= ... < 25,skilled employee/official,1,none,none,0 to 2,male : married/widowed,1 <= ... < 4 yrs,building soc. savings agr. / life insurance,furniture/equipment,unknown/no savings account,... >= 200 DM / salary for at least 1 year,yes (under customer name)
good,37,3620,no credits taken/all credits paid back duly,36,1 <= ... < 4 yrs,no,rent,>= 35,skilled employee/official,1,guarantor,none,3 or more,male : married/widowed,1 <= ... < 4 yrs,car or other,car (used),unknown/no savings account,no checking account,no
good,36,1721,no credits taken/all credits paid back duly,15,< 1 yr,no,rent,25 <= ... < 35,skilled employee/official,1,none,none,0 to 2,male : married/widowed,4 <= ... < 7 yrs,unknown / no property,others,unknown/no savings account,no checking account,no
good,34,3017,no credits taken/all credits paid back duly,12,< 1 yr,no,for free,20 <= ... < 25,manager/self-empl/highly qualif. employee,1,none,none,0 to 2,female : non-single or male : single,< 1 yr,unknown / no property,car (used),unknown/no savings account,... < 0 DM,no
good,38,754,no credits taken/all credits paid back duly,12,>= 7 yrs,no,rent,< 20,skilled employee/official,2-3,none,none,0 to 2,male : married/widowed,>= 7 yrs,car or other,vacation,... >= 1000 DM,... < 0 DM,no
good,34,1950,no credits taken/all credits paid back duly,18,4 <= ... < 7 yrs,no,rent,< 20,skilled employee/official,2-3,none,stores,0 to 2,male : married/widowed,< 1 yr,building soc. savings agr. / life insurance,retraining,unknown/no savings account,... >= 200 DM / salary for at least 1 year,yes (under customer name)
good,63,2924,no credits taken/all credits paid back duly,24,1 <= ... < 4 yrs,no,rent,20 <= ... < 25,skilled employee/official,1,guarantor,bank,3 or more,male : married/widowed,>= 7 yrs,real estate,car (new),unknown/no savings account,no checking account,yes (under customer name)
bad,29,1659,existing credits paid back duly till now,24,< 1 yr,no,for free,< 20,unskilled - resident,1,none,none,0 to 2,female : non-single or male : single,1 <= ... < 4 yrs,building soc. savings agr. / life insurance,furniture/equipment,unknown/no savings account,no checking account,yes (under customer name)
good,32,7238,existing credits paid back duly till now,48,>= 7 yrs,no,rent,20 <= ... < 25,skilled employee/official,2-3,none,bank,3 or more,male : married/widowed,4 <= ... < 7 yrs,building soc. savings agr. / life insurance,furniture/equipment,... >= 1000 DM,... >= 200 DM / salary for at least 1 year,no
good,26,2764,existing credits paid back duly till now,33,1 <= ... < 4 yrs,no,rent,25 <= ... < 35,skilled employee/official,2-3,none,none,0 to 2,female : non-single or male : single,1 <= ... < 4 yrs,building soc. savings agr. / life insurance,retraining,unknown/no savings account,... >= 200 DM / salary for at least 1 year,yes (under customer name)
good,35,4679,existing credits paid back duly till now,24,4 <= ... < 7 yrs,no,rent,20 <= ... < 25,unskilled - resident,2-3,none,none,0 to 2,male : married/widowed,4 <= ... < 7 yrs,building soc. savings agr. / life insurance,car (new),unknown/no savings account,... >= 200 DM / salary for at least 1 year,yes (under customer name)
bad,22,3092,no credits taken/all credits paid back duly,24,< 1 yr,no,for free,20 <= ... < 25,skilled employee/official,1,none,none,0 to 2,female : single,1 <= ... < 4 yrs,building soc. savings agr. / life insurance,furniture/equipment,... < 100 DM,... < 0 DM,yes (under customer name)
bad,23,448,no credits taken/all credits paid back duly,6,< 1 yr,no,rent,< 20,skilled employee/official,1,none,none,0 to 2,female : non-single or male : single,>= 7 yrs,car or other,repairs,unknown/no savings account,no checking account,no
bad,28,654,no credits taken/all credits paid back duly,9,1 <= ... < 4 yrs,no,rent,< 20,unskilled - resident,1,none,none,0 to 2,male : married/widowed,4 <= ... < 7 yrs,building soc. savings agr. / life insurance,others,unknown/no savings account,no checking account,no
good,36,1238,no credits taken/all credits paid back duly,6,unemployed,no,rent,< 20,manager/self-empl/highly qualif. employee,1,none,none,3 or more,male : married/widowed,>= 7 yrs,car or other,vacation,... >= 1000 DM,... >= 200 DM / salary for at least 1 year,yes (under customer name)
bad,33,1245,all credits at this bank paid back duly,18,1 <= ... < 4 yrs,no,rent,< 20,skilled employee/official,1,none,none,0 to 2,female : single,1 <= ... < 4 yrs,building soc. savings agr. / life insurance,furniture/equipment,unknown/no savings account,... < 0 DM,no
bad,26,3114,delay in paying off in the past,18,< 1 yr,no,for free,>= 35,skilled employee/official,1,none,none,0 to 2,female : non-single or male : single,>= 7 yrs,car or other,car (used),unknown/no savings account,no checking account,no
good,24,2569,no credits taken/all credits paid back duly,39,1 <= ... < 4 yrs,no,rent,< 20,skilled employee/official,1,none,none,0 to 2,male : married/widowed,>= 7 yrs,building soc. savings agr. / life insurance,car (new),100 <= ... < 500 DM,... >= 200 DM / salary for at least 1 year,no
good,25,5152,no credits taken/all credits paid back duly,24,4 <= ... < 7 yrs,no,rent,< 20,skilled employee/official,1,none,bank,0 to 2,male : married/widowed,1 <= ... < 4 yrs,building soc. savings agr. / life insurance,furniture/equipment,unknown/no savings account,0<= ... < 200 DM,no
good,39,1037,no credits taken/all credits paid back duly,12,4 <= ... < 7 yrs,no,rent,20 <= ... < 25,unskilled - resident,1,none,none,0 to 2,male : married/widowed,>= 7 yrs,unknown / no property,retraining,... < 100 DM,... < 0 DM,no
good,44,1478,all credits at this bank paid back duly,15,>= 7 yrs,no,rent,< 20,skilled employee/official,2-3,none,none,3 or more,male : married/widowed,>= 7 yrs,building soc. savings agr. / life insurance,car (used),unknown/no savings account,no checking account,yes (under customer name)
good,23,3573,all credits at this bank paid back duly,12,1 <= ... < 4 yrs,no,rent,>= 35,unskilled - resident,1,none,none,0 to 2,female : non-single or male : single,< 1 yr,unknown / no property,furniture/equipment,unknown/no savings account,... < 0 DM,no
good,26,1201,no credits taken/all credits paid back duly,24,< 1 yr,no,rent,< 20,skilled employee/official,1,none,none,0 to 2,male : married/widowed,< 1 yr,car or other,others,unknown/no savings account,... < 0 DM,no
good,57,3622,no credits taken/all credits paid back duly,30,>= 7 yrs,no,for free,< 20,skilled employee/official,2-3,none,none,0 to 2,female : non-single or male : single,>= 7 yrs,car or other,car (used),500 <= ... < 1000 DM,no checking account,yes (under customer name)
good,30,960,existing credits paid back duly till now,15,4 <= ... < 7 yrs,no,rent,20 <= ... < 25,skilled employee/official,2-3,none,none,0 to 2,female : non-single or male : single,1 <= ... < 4 yrs,car or other,car (used),500 <= ... < 1000 DM,... >= 200 DM / salary for at least 1 year,no
good,44,1163,all credits at this bank paid back duly,12,1 <= ... < 4 yrs,no,rent,< 20,skilled employee/official,1,none,none,0 to 2,male : married/widowed,>= 7 yrs,unknown / no property,others,100 <= ... < 500 DM,... >= 200 DM / salary for at least 1 year,yes (under customer name)
bad,47,1209,existing credits paid back duly till now,6,unemployed,no,rent,< 20,manager/self-empl/highly qualif. employee,1,none,none,0 to 2,male : married/widowed,>= 7 yrs,car or other,others,unknown/no savings account,... < 0 DM,yes (under customer name)
good,52,3077,no credits taken/all credits paid back duly,12,1 <= ... < 4 yrs,no,rent,25 <= ... < 35,skilled employee/official,1,none,none,0 to 2,male : married/widowed,>= 7 yrs,building soc. savings agr. / life insurance,furniture/equipment,unknown/no savings account,... >= 200 DM / salary for at least 1 year,yes (under customer name)
good,62,3757,no credits taken/all credits paid back duly,24,>= 7 yrs,no,own,< 20,skilled employee/official,1,co-applicant,none,0 to 2,female : non-single or male : single,>= 7 yrs,real estate,others,unknown/no savings account,... >= 200 DM / salary for at least 1 year,yes (under customer name)
good,35,1418,no credits taken/all credits paid back duly,10,1 <= ... < 4 yrs,yes,for free,20 <= ... < 25,unskilled - resident,1,none,none,0 to 2,male : married/widowed,1 <= ... < 4 yrs,unknown / no property,others,... < 100 DM,... >= 200 DM / salary for at least 1 year,no
good,26,3518,no credits taken/all credits paid back duly,6,1 <= ... < 4 yrs,no,for free,25 <= ... < 35,skilled employee/official,1,guarantor,none,0 to 2,male : married/widowed,4 <= ... < 7 yrs,car or other,others,unknown/no savings account,... >= 200 DM / salary for at least 1 year,no
good,26,1934,all credits at this bank paid back duly,12,>= 7 yrs,no,rent,25 <= ... < 35,skilled employee/official,2-3,none,none,0 to 2,male : married/widowed,1 <= ... < 4 yrs,real estate,furniture/equipment,unknown/no savings account,... >= 200 DM / salary for at least 1 year,no
bad,42,8318,delay in paying off in the past,27,>= 7 yrs,no,own,25 <= ... < 35,manager/self-empl/highly qualif. employee,2-3,none,none,0 to 2,female : non-single or male : single,>= 7 yrs,real estate,retraining,unknown/no savings account,... < 0 DM,yes (under customer name)
good,27,1237,all credits at this bank paid back duly,6,1 <= ... < 4 yrs,no,rent,>= 35,skilled employee/official,2-3,none,none,0 to 2,female : non-single or male : single,< 1 yr,car or other,furniture/equipment,... < 100 DM,... >= 200 DM / salary for at least 1 year,no
good,38,368,no credits taken/all credits paid back duly,6,>= 7 yrs,no,rent,< 20,skilled employee/official,1,none,none,0 to 2,male : married/widowed,>= 7 yrs,car or other,furniture/equipment,... >= 1000 DM,... < 0 DM,no
good,39,2122,all credits at this bank paid back duly,12,1 <= ... < 4 yrs,yes,for free,20 <= ... < 25,unskilled - resident,2-3,none,none,3 or more,male : married/widowed,1 <= ... < 4 yrs,unknown / no property,others,unknown/no savings account,no checking account,no
bad,20,2996,no credits taken/all credits paid back duly,24,1 <= ... < 4 yrs,no,rent,25 <= ... < 35,skilled employee/official,1,none,none,0 to 2,female : single,>= 7 yrs,building soc. savings agr. / life insurance,car (used),... >= 1000 DM,no checking account,no
bad,29,9034,no credits taken/all credits paid back duly,36,< 1 yr,no,for free,< 20,manager/self-empl/highly qualif. employee,1,co-applicant,none,0 to 2,male : married/widowed,< 1 yr,real estate,car (used),... < 100 DM,... < 0 DM,yes (under customer name)
good,40,1585,all credits at this bank paid back duly,24,4 <= ... < 7 yrs,no,rent,< 20,skilled employee/official,2-3,none,none,0 to 2,male : married/widowed,4 <= ... < 7 yrs,car or other,car (used),unknown/no savings account,... >= 200 DM / salary for at least 1 year,no
good,32,1301,no credits taken/all credits paid back duly,18,>= 7 yrs,no,rent,< 20,unskilled - resident,1,guarantor,none,0 to 2,female : single,1 <= ... < 4 yrs,unknown / no property,furniture/equipment,unknown/no savings account,... < 0 DM,no
good,28,1323,all credits at this bank paid back duly,6,>= 7 yrs,no,rent,25 <= ... < 35,skilled employee/official,2-3,none,none,3 or more,male : divorced/separated,>= 7 yrs,building soc. savings agr. / life insurance,others,... < 100 DM,0<= ... < 200 DM,yes (under customer name)
bad,27,3123,no credits taken/all credits paid back duly,24,< 1 yr,no,rent,< 20,skilled employee/official,1,none,none,0 to 2,female : non-single or male : single,< 1 yr,car or other,others,unknown/no savings account,no checking account,no
good,42,5493,no credits taken/all credits paid back duly,36,>= 7 yrs,no,own,25 <= ... < 35,skilled employee/official,1,none,none,3 or more,male : married/widowed,>= 7 yrs,real estate,car (new),unknown/no savings account,no checking account,no
good,49,1126,no credits taken/all credits paid back duly,9,>= 7 yrs,no,rent,25 <= ... < 35,skilled employee/official,1,none,none,0 to 2,male : divorced/separated,>= 7 yrs,unknown / no property,furniture/equipment,... < 100 DM,0<= ... < 200 DM,no
bad,38,1216,all credits at this bank paid back duly,24,< 1 yr,no,rent,< 20,skilled employee/official,2-3,none,bank,3 or more,male : married/widowed,>= 7 yrs,real estate,furniture/equipment,... < 100 DM,... < 0 DM,no
bad,24,1207,no credits taken/all credits paid back duly,24,< 1 yr,no,for free,< 20,skilled employee/official,1,none,none,0 to 2,female : non-single or male : single,>= 7 yrs,car or other,others,unknown/no savings account,no checking account,no
bad,27,1309,no credits taken/all credits paid back duly,10,1 <= ... < 4 yrs,no,rent,< 20,unskilled - resident,1,guarantor,none,0 to 2,male : married/widowed,>= 7 yrs,car or other,others,... >= 1000 DM,... >= 200 DM / salary for at least 1 year,no
good,36,2360,all credits at this bank paid back duly,15,1 <= ... < 4 yrs,no,rent,25 <= ... < 35,skilled employee/official,1,none,none,0 to 2,male : married/widowed,1 <= ... < 4 yrs,building soc. savings agr. / life insurance,car (new),100 <= ... < 500 DM,0<= ... < 200 DM,yes (under customer name)
bad,34,6850,critical account/other credits elsewhere,15,unemployed,no,rent,>= 35,manager/self-empl/highly qualif. employee,1,none,none,3 or more,male : married/widowed,1 <= ... < 4 yrs,car or other,others,... < 100 DM,... < 0 DM,yes (under customer name)
good,28,1413,no credits taken/all credits paid back duly,24,1 <= ... < 4 yrs,no,rent,< 20,skilled employee/official,1,none,none,0 to 2,female : single,1 <= ... < 4 yrs,car or other,furniture/equipment,unknown/no savings account,... >= 200 DM / salary for at least 1 year,no
good,45,8588,no credits taken/all credits paid back duly,39,>= 7 yrs,no,rent,< 20,manager/self-empl/highly qualif. employee,1,none,none,0 to 2,male : married/widowed,1 <= ... < 4 yrs,building soc. savings agr. / life insurance,car (new),... < 100 DM,... >= 200 DM / salary for at least 1 year,yes (under customer name)
bad,26,759,no credits taken/all credits paid back duly,12,4 <= ... < 7 yrs,no,rent,< 20,skilled employee/official,1,none,none,0 to 2,male : married/widowed,1 <= ... < 4 yrs,unknown / no property,others,unknown/no savings account,no checking account,no
good,32,4686,no credits taken/all credits paid back duly,36,1 <= ... < 4 yrs,no,own,25 <= ... < 35,manager/self-empl/highly qualif. employee,1,none,none,0 to 2,male : married/widowed,1 <= ... < 4 yrs,real estate,car (new),unknown/no savings account,... >= 200 DM / salary for at least 1 year,yes (under customer name)
good,26,2687,no credits taken/all credits paid back duly,15,4 <= ... < 7 yrs,no,for free,25 <= ... < 35,skilled employee/official,1,none,none,0 to 2,male : married/widowed,>= 7 yrs,car or other,retraining,unknown/no savings account,0<= ... < 200 DM,yes (under customer name)
good,20,585,existing credits paid back duly till now,12,1 <= ... < 4 yrs,no,for free,< 20,skilled employee/official,2-3,co-applicant,none,0 to 2,female : single,>= 7 yrs,unknown / no property,furniture/equipment,unknown/no savings account,... < 0 DM,no
good,54,2255,no credits taken/all credits paid back duly,24,< 1 yr,no,rent,< 20,skilled employee/official,1,none,none,0 to 2,male : married/widowed,< 1 yr,car or other,others,... >= 1000 DM,... >= 200 DM / salary for at least 1 year,no
good,37,609,all credits at this bank paid back duly,6,4 <= ... < 7 yrs,yes,rent,< 20,skilled employee/official,2-3,none,none,0 to 2,female : non-single or male : single,4 <= ... < 7 yrs,car or other,others,unknown/no savings account,no checking account,no
good,40,1361,all credits at this bank paid back duly,6,< 1 yr,yes,rent,25 <= ... < 35,unskilled - resident,1,none,none,3 or more,male : married/widowed,>= 7 yrs,unknown / no property,others,unknown/no savings account,no checking account,no
bad,23,7127,all credits at this bank paid back duly,36,< 1 yr,no,for free,25 <= ... < 35,skilled employee/official,2-3,none,none,0 to 2,female : non-single or male : single,>= 7 yrs,car or other,car (used),unknown/no savings account,... >= 200 DM / salary for at least 1 year,yes (under customer name)
good,43,1203,no credits taken/all credits paid back duly,6,>= 7 yrs,no,rent,20 <= ... < 25,skilled employee/official,1,none,none,0 to 2,male : married/widowed,1 <= ... < 4 yrs,car or other,others,... < 100 DM,no checking account,yes (under customer name)
good,36,700,all credits at this bank paid back duly,6,>= 7 yrs,no,own,< 20,skilled employee/official,2-3,none,none,0 to 2,male : married/widowed,>= 7 yrs,real estate,furniture/equipment,... >= 1000 DM,... >= 200 DM / salary for at least 1 year,no
good,44,5507,all credits at this bank paid back duly,24,>= 7 yrs,no,own,20 <= ... < 25,skilled employee/official,2-3,none,none,0 to 2,male : married/widowed,>= 7 yrs,real estate,domestic appliances,unknown/no savings account,... >= 200 DM / salary for at least 1 year,no
bad,24,3190,no credits taken/all credits paid back duly,18,1 <= ... < 4 yrs,no,rent,25 <= ... < 35,skilled employee/official,1,none,none,0 to 2,female : non-single or male : single,1 <= ... < 4 yrs,unknown / no property,furniture/equipment,unknown/no savings account,no checking account,no
bad,53,7119,delay in paying off in the past,48,1 <= ... < 4 yrs,no,own,20 <= ... < 25,skilled employee/official,2-3,none,none,3 or more,male : married/widowed,>= 7 yrs,real estate,car (used),unknown/no savings account,no checking account,no
good,23,3488,no credits taken/all credits paid back duly,24,4 <= ... < 7 yrs,no,rent,20 <= ... < 25,skilled employee/official,1,none,none,0 to 2,female : non-single or male : single,>= 7 yrs,building soc. savings agr. / life insurance,car (new),... < 100 DM,... >= 200 DM / salary for at least 1 year,no
good,26,1113,no credits taken/all credits paid back duly,18,1 <= ... < 4 yrs,no,rent,< 20,unskilled - resident,1,guarantor,none,3 or more,female : non-single or male : single,>= 7 yrs,unknown / no property,furniture/equipment,unknown/no savings account,... < 0 DM,no
good,30,7966,no credits taken/all credits paid back duly,26,< 1 yr,no,rent,25 <= ... < 35,skilled employee/official,2-3,none,none,0 to 2,male : married/widowed,4 <= ... < 7 yrs,building soc. savings agr. / life insurance,car (new),unknown/no savings account,... < 0 DM,no
good,31,1532,all credits at this bank paid back duly,15,1 <= ... < 4 yrs,no,rent,< 20,skilled employee/official,1,none,none,0 to 2,female : non-single or male : single,4 <= ... < 7 yrs,building soc. savings agr. / life insurance,repairs,... < 100 DM,... >= 200 DM / salary for at least 1 year,no
good,42,1503,all credits at this bank paid back duly,4,4 <= ... < 7 yrs,no,rent,25 <= ... < 35,unskilled - resident,2-3,none,none,3 or more,male : married/widowed,< 1 yr,unknown / no property,furniture/equipment,unknown/no savings account,... >= 200 DM / salary for at least 1 year,no
bad,31,2302,no credits taken/all credits paid back duly,36,1 <= ... < 4 yrs,no,for free,< 20,skilled employee/official,1,none,none,0 to 2,male : divorced/separated,>= 7 yrs,building soc. savings agr. / life insurance,furniture/equipment,unknown/no savings account,no checking account,no
good,41,662,no credits taken/all credits paid back duly,6,< 1 yr,no,rent,20 <= ... < 25,unskilled - resident,1,none,none,3 or more,male : married/widowed,>= 7 yrs,unknown / no property,others,unknown/no savings account,no checking account,yes (under customer name)
good,32,2273,no credits taken/all credits paid back duly,36,4 <= ... < 7 yrs,no,rent,20 <= ... < 25,skilled employee/official,2-3,none,none,3 or more,male : married/widowed,< 1 yr,building soc. savings agr. / life insurance,repairs,unknown/no savings account,... < 0 DM,no
bad,28,2631,no credits taken/all credits paid back duly,15,1 <= ... < 4 yrs,no,for free,25 <= ... < 35,skilled employee/official,2-3,none,none,0 to 2,female : non-single or male : single,>= 7 yrs,building soc. savings agr. / life insurance,others,... < 100 DM,... < 0 DM,yes (under customer name)
good,41,1503,existing credits paid back duly till now,12,1 <= ... < 4 yrs,no,for free,< 20,skilled employee/official,1,none,none,0 to 2,female : single,>= 7 yrs,unknown / no property,car (new),unknown/no savings account,... >= 200 DM / salary for at least 1 year,no
good,26,1311,no credits taken/all credits paid back duly,24,4 <= ... < 7 yrs,no,rent,< 20,skilled employee/official,1,none,none,0 to 2,female : single,4 <= ... < 7 yrs,car or other,furniture/equipment,... < 100 DM,... >= 200 DM / salary for at least 1 year,yes (under customer name)
good,25,3105,no credits taken/all credits paid back duly,24,< 1 yr,no,rent,< 20,skilled employee/official,2-3,none,none,0 to 2,male : married/widowed,1 <= ... < 4 yrs,building soc. savings agr. / life insurance,furniture/equipment,... >= 1000 DM,... >= 200 DM / salary for at least 1 year,no
bad,33,2319,all credits at this bank paid back duly,21,< 1 yr,no,for free,25 <= ... < 35,skilled employee/official,1,none,none,0 to 2,male : divorced/separated,< 1 yr,building soc. savings agr. / life insurance,repairs,unknown/no savings account,0<= ... < 200 DM,no
good,75,1374,no credits taken/all credits paid back duly,6,unemployed,no,rent,< 20,manager/self-empl/highly qualif. employee,1,none,none,0 to 2,female : non-single or male : single,4 <= ... < 7 yrs,car or other,others,... >= 1000 DM,no checking account,yes (under customer name)
good,37,3612,all credits at this bank paid back duly,18,>= 7 yrs,no,rent,20 <= ... < 25,skilled employee/official,1,none,none,0 to 2,female : non-single or male : single,>= 7 yrs,car or other,car (used),unknown/no savings account,... < 0 DM,yes (under customer name)
bad,42,7763,no credits taken/all credits paid back duly,48,>= 7 yrs,no,own,< 20,manager/self-empl/highly qualif. employee,1,none,bank,0 to 2,male : married/widowed,>= 7 yrs,real estate,others,unknown/no savings account,no checking account,no
good,45,3049,no credits taken/all credits paid back duly,18,< 1 yr,no,rent,>= 35,unskilled - resident,1,none,stores,0 to 2,female : non-single or male : single,< 1 yr,car or other,car (used),unknown/no savings account,0<= ... < 200 DM,no
bad,23,1534,no credits taken/all credits paid back duly,12,< 1 yr,no,for free,>= 35,skilled employee/official,1,none,none,0 to 2,female : single,< 1 yr,unknown / no property,furniture/equipment,unknown/no savings account,... < 0 DM,no
good,60,2032,existing credits paid back duly till now,24,>= 7 yrs,no,own,< 20,skilled employee/official,2-3,none,none,0 to 2,male : married/widowed,>= 7 yrs,real estate,others,unknown/no savings account,... >= 200 DM / salary for at least 1 year,yes (under customer name)
bad,31,6350,no credits taken/all credits paid back duly,30,>= 7 yrs,no,rent,< 20,skilled employee/official,1,none,none,0 to 2,male : married/widowed,>= 7 yrs,car or other,car (used),... >= 1000 DM,no checking account,no
bad,34,2864,no credits taken/all credits paid back duly,18,1 <= ... < 4 yrs,no,rent,25 <= ... < 35,unskilled - resident,1,none,none,3 or more,male : married/widowed,< 1 yr,unknown / no property,car (used),unknown/no savings account,0<= ... < 200 DM,no
good,61,1255,all credits at this bank paid back duly,12,>= 7 yrs,no,rent,< 20,unskilled - resident,2-3,none,none,0 to 2,male : married/widowed,>= 7 yrs,unknown / no property,others,unknown/no savings account,... >= 200 DM / salary for at least 1 year,no
bad,43,1333,existing credits paid back duly till now,24,unemployed,no,own,< 20,skilled employee/official,2-3,none,none,3 or more,male : married/widowed,1 <= ... < 4 yrs,unknown / no property,others,unknown/no savings account,no checking account,no
good,37,2022,all credits at this bank paid back duly,24,1 <= ... < 4 yrs,no,rent,< 20,skilled employee/official,1,none,none,0 to 2,female : non-single or male : single,>= 7 yrs,building soc. savings agr. / life insurance,others,unknown/no savings account,... >= 200 DM / salary for at least 1 year,yes (under customer name)
good,32,1552,no credits taken/all credits paid back duly,24,4 <= ... < 7 yrs,no,rent,20 <= ... < 25,skilled employee/official,1,none,bank,3 or more,male : married/widowed,< 1 yr,building soc. savings agr. / life insurance,furniture/equipment,unknown/no savings account,... >= 200 DM / salary for at least 1 year,no
bad,24,626,critical account/other credits elsewhere,12,1 <= ... < 4 yrs,no,rent,< 20,unskilled - resident,1,none,bank,0 to 2,female : non-single or male : single,>= 7 yrs,unknown / no property,furniture/equipment,unknown/no savings account,no checking account,no
good,35,8858,all credits at this bank paid back duly,48,4 <= ... < 7 yrs,no,own,25 <= ... < 35,skilled employee/official,2-3,none,none,0 to 2,male : married/widowed,< 1 yr,real estate,car (new),... >= 1000 DM,... >= 200 DM / salary for at least 1 year,yes (under customer name)
good,23,996,all credits at this bank paid back duly,12,4 <= ... < 7 yrs,no,rent,< 20,skilled employee/official,2-3,none,none,0 to 2,female : non-single or male : single,>= 7 yrs,unknown / no property,domestic appliances,... >= 1000 DM,... >= 200 DM / salary for at least 1 year,no
good,45,1750,critical account/other credits elsewhere,6,>= 7 yrs,no,rent,25 <= ... < 35,unskilled - resident,1,none,bank,3 or more,male : married/widowed,>= 7 yrs,car or other,furniture/equipment,100 <= ... < 500 DM,... >= 200 DM / salary for at least 1 year,no
bad,34,6999,no credits taken/all credits paid back duly,48,4 <= ... < 7 yrs,no,rent,>= 35,skilled employee/official,2-3,guarantor,none,0 to 2,female : single,< 1 yr,unknown / no property,furniture/equipment,unknown/no savings account,no checking account,yes (under customer name)
good,27,1995,all credits at this bank paid back duly,12,< 1 yr,no,rent,< 20,skilled employee/official,1,none,none,0 to 2,male : married/widowed,< 1 yr,building soc. savings agr. / life insurance,others,... < 100 DM,... < 0 DM,no
good,67,1199,no credits taken/all credits paid back duly,9,4 <= ... < 7 yrs,no,rent,< 20,manager/self-empl/highly qualif. employee,2-3,none,none,0 to 2,female : non-single or male : single,>= 7 yrs,car or other,repairs,unknown/no savings account,... < 0 DM,yes (under customer name)
bad,22,1331,no credits taken/all credits paid back duly,12,< 1 yr,no,rent,25 <= ... < 35,skilled employee/official,1,none,stores,0 to 2,male : married/widowed,< 1 yr,building soc. savings agr. / life insurance,furniture/equipment,unknown/no savings account,... < 0 DM,no
bad,28,2278,delay in paying off in the past,18,< 1 yr,no,rent,20 <= ... < 25,skilled employee/official,2-3,none,none,0 to 2,female : non-single or male : single,4 <= ... < 7 yrs,building soc. savings agr. / life insurance,others,... < 100 DM,... < 0 DM,no
bad,29,5003,delay in paying off in the past,21,1 <= ... < 4 yrs,no,rent,>= 35,skilled employee/official,2-3,none,bank,0 to 2,female : non-single or male : single,>= 7 yrs,car or other,others,... >= 1000 DM,... >= 200 DM / salary for at least 1 year,yes (under customer name)
bad,27,3552,critical account/other credits elsewhere,24,4 <= ... < 7 yrs,no,rent,20 <= ... < 25,skilled employee/official,1,none,bank,0 to 2,male : married/widowed,>= 7 yrs,building soc. savings agr. / life insurance,car (used),unknown/no savings account,no checking account,no
bad,31,1928,all credits at this bank paid back duly,18,< 1 yr,no,rent,25 <= ... < 35,unskilled - resident,2-3,none,none,0 to 2,male : married/widowed,1 <= ... < 4 yrs,unknown / no property,car (used),unknown/no savings account,... < 0 DM,no
good,49,2964,no credits taken/all credits paid back duly,24,>= 7 yrs,no,own,< 20,skilled employee/official,1,none,bank,3 or more,male : married/widowed,>= 7 yrs,real estate,car (new),... >= 1000 DM,no checking account,yes (under customer name)
bad,24,1546,critical account/other credits elsewhere,24,4 <= ... < 7 yrs,no,for free,< 20,unskilled - resident,1,guarantor,bank,0 to 2,male : married/widowed,>= 7 yrs,building soc. savings agr. / life insurance,furniture/equipment,unknown/no savings account,no checking account,no
good,29,683,existing credits paid back duly till now,6,< 1 yr,no,rent,25 <= ... < 35,skilled employee/official,1,none,bank,0 to 2,female : non-single or male : single,< 1 yr,car or other,furniture/equipment,unknown/no savings account,0<= ... < 200 DM,no
bad,37,12389,no credits taken/all credits paid back duly,36,1 <= ... < 4 yrs,no,own,>= 35,skilled employee/official,1,none,none,0 to 2,male : married/widowed,>= 7 yrs,real estate,others,... >= 1000 DM,... < 0 DM,yes (under customer name)
good,37,4712,existing credits paid back duly till now,24,1 <= ... < 4 yrs,no,rent,< 20,manager/self-empl/highly qualif. employee,2-3,none,bank,0 to 2,male : married/widowed,1 <= ... < 4 yrs,car or other,retraining,... >= 1000 DM,... < 0 DM,yes (under customer name)
good,23,1553,existing credits paid back duly till now,24,4 <= ... < 7 yrs,no,for free,20 <= ... < 25,skilled employee/official,2-3,none,none,0 to 2,female : non-single or male : single,1 <= ... < 4 yrs,car or other,furniture/equipment,... < 100 DM,... < 0 DM,yes (under customer name)
bad,36,1372,no credits taken/all credits paid back duly,12,4 <= ... < 7 yrs,no,rent,25 <= ... < 35,skilled employee/official,1,none,none,0 to 2,male : divorced/separated,4 <= ... < 7 yrs,building soc. savings agr. / life insurance,others,unknown/no savings account,no checking account,no
good,34,2578,all credits at this bank paid back duly,24,>= 7 yrs,no,rent,25 <= ... < 35,skilled employee/official,1,none,none,0 to 2,male : married/widowed,1 <= ... < 4 yrs,building soc. savings agr. / life insurance,furniture/equipment,500 <= ... < 1000 DM,... >= 200 DM / salary for at least 1 year,no
good,41,3979,no credits taken/all credits paid back duly,48,4 <= ... < 7 yrs,no,rent,< 20,skilled employee/official,2-3,none,none,3 or more,male : married/widowed,< 1 yr,building soc. savings agr. / life insurance,furniture/equipment,... >= 1000 DM,... < 0 DM,yes (under customer name)
bad,31,6758,no credits taken/all credits paid back duly,48,1 <= ... < 4 yrs,no,rent,20 <= ... < 25,skilled employee/official,1,none,none,0 to 2,female : non-single or male : single,1 <= ... < 4 yrs,building soc. savings agr. / life insurance,furniture/equipment,unknown/no savings account,no checking account,yes (under customer name)
bad,23,3234,no credits taken/all credits paid back duly,24,< 1 yr,no,for free,< 20,unskilled - resident,1,none,none,0 to 2,female : non-single or male : single,>= 7 yrs,unknown / no property,car (used),unknown/no savings account,no checking account,yes (under customer name)
good,38,5954,all credits at this bank paid back duly,30,4 <= ... < 7 yrs,no,rent,20 <= ... < 25,skilled employee/official,1,co-applicant,none,0 to 2,male : married/widowed,1 <= ... < 4 yrs,building soc. savings agr. / life insurance,furniture/equipment,unknown/no savings account,... >= 200 DM / salary for at least 1 year,no
good,26,5433,no credits taken/all credits paid back duly,24,unemployed,no,for free,25 <= ... < 35,manager/self-empl/highly qualif. employee,1,none,none,0 to 2,female : non-single or male : single,>= 7 yrs,car or other,car (new),... >= 1000 DM,... >= 200 DM / salary for at least 1 year,yes (under customer name)
good,22,806,no credits taken/all credits paid back duly,15,1 <= ... < 4 yrs,no,rent,< 20,unskilled - resident,1,none,none,0 to 2,female : non-single or male : single,>= 7 yrs,car or other,retraining,unknown/no savings account,no checking account,no
good,27,1082,no credits taken/all credits paid back duly,9,>= 7 yrs,no,rent,< 20,unskilled - resident,2-3,none,none,0 to 2,male : married/widowed,>= 7 yrs,building soc. savings agr. / life insurance,furniture/equipment,unknown/no savings account,... < 0 DM,no
good,24,2788,all credits at this bank paid back duly,15,4 <= ... < 7 yrs,no,rent,25 <= ... < 35,skilled employee/official,2-3,co-applicant,bank,0 to 2,female : non-single or male : single,4 <= ... < 7 yrs,building soc. savings agr. / life insurance,car (used),unknown/no savings account,... >= 200 DM / salary for at least 1 year,no
good,27,2930,no credits taken/all credits paid back duly,12,4 <= ... < 7 yrs,no,rent,25 <= ... < 35,skilled employee/official,1,none,none,0 to 2,female : non-single or male : single,< 1 yr,unknown / no property,furniture/equipment,unknown/no savings account,... < 0 DM,no
good,33,1927,all credits at this bank paid back duly,24,1 <= ... < 4 yrs,no,rent,20 <= ... < 25,skilled employee/official,2-3,none,none,0 to 2,female : non-single or male : single,1 <= ... < 4 yrs,building soc. savings agr. / life insurance,repairs,... >= 1000 DM,... >= 200 DM / salary for at least 1 year,yes (under customer name)
bad,27,2820,all credits at this bank paid back duly,36,< 1 yr,no,rent,< 20,skilled employee/official,2-3,none,none,0 to 2,male : divorced/separated,>= 7 yrs,building soc. savings agr. / life insurance,others,unknown/no savings account,... < 0 DM,no
good,27,937,no credits taken/all credits paid back duly,24,< 1 yr,no,rent,< 20,unskilled - resident,2-3,none,none,0 to 2,female : single,4 <= ... < 7 yrs,building soc. savings agr. / life insurance,vacation,unknown/no savings account,... >= 200 DM / salary for at least 1 year,no
bad,30,1056,all credits at this bank paid back duly,18,>= 7 yrs,no,rent,20 <= ... < 25,skilled employee/official,2-3,guarantor,bank,0 to 2,male : married/widowed,4 <= ... < 7 yrs,unknown / no property,others,unknown/no savings account,... < 0 DM,no
good,49,3124,all credits at this bank paid back duly,12,< 1 yr,no,rent,>= 35,unskilled - resident,2-3,none,bank,3 or more,male : married/widowed,4 <= ... < 7 yrs,unknown / no property,others,unknown/no savings account,... < 0 DM,no
good,26,1388,no credits taken/all credits paid back duly,9,1 <= ... < 4 yrs,no,for free,< 20,skilled employee/official,1,none,none,0 to 2,female : non-single or male : single,1 <= ... < 4 yrs,unknown / no property,car (used),unknown/no savings account,... >= 200 DM / salary for at least 1 year,no
bad,33,2384,no credits taken/all credits paid back duly,36,< 1 yr,no,for free,< 20,unskilled - resident,1,none,none,0 to 2,male : married/widowed,< 1 yr,real estate,domestic appliances,unknown/no savings account,... < 0 DM,no
good,52,2133,no credits taken/all credits paid back duly,12,>= 7 yrs,no,own,< 20,manager/self-empl/highly qualif. employee,1,none,none,0 to 2,female : non-single or male : single,>= 7 yrs,real estate,others,... >= 1000 DM,... >= 200 DM / salary for at least 1 year,yes (under customer name)
bad,20,2039,no credits taken/all credits paid back duly,18,1 <= ... < 4 yrs,no,for free,>= 35,skilled employee/official,1,none,bank,0 to 2,female : non-single or male : single,>= 7 yrs,unknown / no property,car (used),unknown/no savings account,no checking account,no
good,36,2799,all credits at this bank paid back duly,9,1 <= ... < 4 yrs,no,for free,25 <= ... < 35,skilled employee/official,2-3,none,none,3 or more,male : married/widowed,1 <= ... < 4 yrs,unknown / no property,others,unknown/no savings account,no checking account,no
good,21,1289,no credits taken/all credits paid back duly,12,1 <= ... < 4 yrs,no,rent,< 20,unskilled - resident,1,guarantor,none,0 to 2,male : married/widowed,< 1 yr,car or other,car (used),unknown/no savings account,no checking account,no
bad,47,1217,no credits taken/all credits paid back duly,18,1 <= ... < 4 yrs,no,rent,< 20,unskilled - resident,1,none,none,0 to 2,female : single,4 <= ... < 7 yrs,unknown / no property,radio/television,unknown/no savings account,no checking account,yes (under customer name)
bad,60,2246,all credits at this bank paid back duly,12,>= 7 yrs,no,rent,20 <= ... < 25,skilled employee/official,2-3,none,none,0 to 2,male : married/widowed,4 <= ... < 7 yrs,car or other,car (used),unknown/no savings account,no checking account,no
good,58,385,all credits at this bank paid back duly,12,4 <= ... < 7 yrs,no,rent,< 20,unskilled - resident,>= 6,none,none,0 to 2,female : non-single or male : single,4 <= ... < 7 yrs,unknown / no property,furniture/equipment,unknown/no savings account,no checking account,yes (under customer name)
good,42,1965,existing credits paid back duly till now,24,1 <= ... < 4 yrs,no,for free,< 20,skilled employee/official,2-3,none,none,0 to 2,female : non-single or male : single,>= 7 yrs,building soc. savings agr. / life insurance,others,... >= 1000 DM,... < 0 DM,yes (under customer name)
good,36,1572,no credits taken/all credits paid back duly,21,>= 7 yrs,no,rent,< 20,unskilled - resident,1,none,bank,0 to 2,female : non-single or male : single,>= 7 yrs,unknown / no property,retraining,500 <= ... < 1000 DM,... >= 200 DM / salary for at least 1 year,no
bad,20,2718,no credits taken/all credits paid back duly,24,1 <= ... < 4 yrs,no,for free,20 <= ... < 25,unskilled - resident,1,none,none,0 to 2,female : non-single or male : single,>= 7 yrs,car or other,others,unknown/no savings account,... < 0 DM,yes (under customer name)
bad,40,1358,critical account/other credits elsewhere,24,>= 7 yrs,no,rent,< 20,manager/self-empl/highly qualif. employee,1,none,stores,0 to 2,male : married/widowed,4 <= ... < 7 yrs,building soc. savings agr. / life insurance,business,... >= 1000 DM,no checking account,yes (under customer name)
bad,32,931,critical account/other credits elsewhere,6,< 1 yr,no,rent,>= 35,unskilled - resident,1,none,stores,0 to 2,female : non-single or male : single,< 1 yr,car or other,others,... < 100 DM,... < 0 DM,no
bad,23,1442,no credits taken/all credits paid back duly,24,4 <= ... < 7 yrs,no,for free,< 20,skilled employee/official,2-3,none,none,0 to 2,female : non-single or male : single,>= 7 yrs,building soc. savings agr. / life insurance,others,unknown/no savings account,no checking account,no
bad,36,4241,delay in paying off in the past,24,1 <= ... < 4 yrs,no,rent,>= 35,unskilled - resident,4-5,none,none,0 to 2,male : married/widowed,>= 7 yrs,unknown / no property,retraining,unknown/no savings account,... < 0 DM,yes (under customer name)
bad,31,2775,all credits at this bank paid back duly,18,4 <= ... < 7 yrs,no,rent,25 <= ... < 35,skilled employee/official,2-3,none,bank,0 to 2,male : married/widowed,1 <= ... < 4 yrs,car or other,others,unknown/no savings account,... >= 200 DM / salary for at least 1 year,no
good,32,3863,existing credits paid back duly till now,24,1 <= ... < 4 yrs,no,own,>= 35,skilled employee/official,1,none,none,0 to 2,male : married/widowed,1 <= ... < 4 yrs,real estate,retraining,unknown/no savings account,... >= 200 DM / salary for at least 1 year,no
good,45,2329,no credits taken/all credits paid back duly,7,< 1 yr,no,rent,>= 35,skilled employee/official,1,guarantor,none,0 to 2,female : non-single or male : single,< 1 yr,unknown / no property,furniture/equipment,unknown/no savings account,... < 0 DM,no
bad,30,918,no credits taken/all credits paid back duly,9,1 <= ... < 4 yrs,no,rent,< 20,skilled employee/official,1,none,none,0 to 2,female : non-single or male : single,< 1 yr,car or other,car (used),unknown/no savings account,... < 0 DM,no
bad,34,1837,critical account/other credits elsewhere,24,4 <= ... < 7 yrs,no,own,< 20,unskilled - resident,1,none,bank,0 to 2,female : non-single or male : single,>= 7 yrs,real estate,repairs,unknown/no savings account,... < 0 DM,no
bad,28,3349,no credits taken/all credits paid back duly,36,1 <= ... < 4 yrs,no,rent,< 20,manager/self-empl/highly qualif. employee,1,none,none,0 to 2,female : non-single or male : single,1 <= ... < 4 yrs,building soc. savings agr. / life insurance,car (used),unknown/no savings account,... >= 200 DM / salary for at least 1 year,yes (under customer name)
good,23,1275,no credits taken/all credits paid back duly,10,< 1 yr,no,rent,< 20,skilled employee/official,1,none,none,0 to 2,female : non-single or male : single,1 <= ... < 4 yrs,car or other,car (used),unknown/no savings account,0<= ... < 200 DM,no
good,22,2828,critical account/other credits elsewhere,24,1 <= ... < 4 yrs,no,rent,< 20,skilled employee/official,1,none,stores,0 to 2,male : married/widowed,>= 7 yrs,unknown / no property,car (used),100 <= ... < 500 DM,no checking account,yes (under customer name)
good,74,4526,all credits at this bank paid back duly,24,1 <= ... < 4 yrs,no,rent,20 <= ... < 25,manager/self-empl/highly qualif. employee,1,none,none,0 to 2,male : married/widowed,1 <= ... < 4 yrs,unknown / no property,retraining,unknown/no savings account,... >= 200 DM / salary for at least 1 year,yes (under customer name)
bad,50,2671,no credits taken/all credits paid back duly,36,1 <= ... < 4 yrs,no,own,< 20,skilled employee/official,1,co-applicant,none,0 to 2,female : non-single or male : single,>= 7 yrs,real estate,furniture/equipment,... < 100 DM,... < 0 DM,no
good,33,2051,no credits taken/all credits paid back duly,18,< 1 yr,no,rent,< 20,skilled employee/official,1,none,none,0 to 2,male : married/widowed,< 1 yr,unknown / no property,furniture/equipment,unknown/no savings account,... >= 200 DM / salary for at least 1 year,no
good,45,1300,no credits taken/all credits paid back duly,15,>= 7 yrs,no,own,< 20,skilled employee/official,1,none,bank,3 or more,male : married/widowed,>= 7 yrs,real estate,car (new),... >= 1000 DM,... >= 200 DM / salary for at least 1 year,no
bad,22,741,no credits taken/all credits paid back duly,12,unemployed,no,rent,< 20,skilled employee/official,1,none,none,0 to 2,female : non-single or male : single,4 <= ... < 7 yrs,car or other,radio/television,... < 100 DM,no checking account,no
bad,48,1240,no credits taken/all credits paid back duly,10,>= 7 yrs,no,own,>= 35,unskilled - resident,1,none,none,3 or more,female : non-single or male : single,>= 7 yrs,real estate,others,... < 100 DM,0<= ... < 200 DM,no
good,29,3357,no credits taken/all credits paid back duly,21,< 1 yr,no,rent,< 20,skilled employee/official,1,none,bank,0 to 2,female : non-single or male : single,1 <= ... < 4 yrs,building soc. savings agr. / life insurance,furniture/equipment,500 <= ... < 1000 DM,no checking account,no
good,22,3632,critical account/other credits elsewhere,24,1 <= ... < 4 yrs,yes,for free,>= 35,skilled employee/official,1,guarantor,bank,0 to 2,female : non-single or male : single,>= 7 yrs,building soc. savings agr. / life insurance,car (new),unknown/no savings account,no checking account,no
bad,22,1808,existing credits paid back duly till now,18,4 <= ... < 7 yrs,no,rent,< 20,skilled employee/official,1,none,none,0 to 2,female : non-single or male : single,< 1 yr,unknown / no property,car (used),unknown/no savings account,... >= 200 DM / salary for at least 1 year,no
good,48,12204,delay in paying off in the past,48,1 <= ... < 4 yrs,no,rent,25 <= ... < 35,manager/self-empl/highly qualif. employee,1,none,bank,0 to 2,male : married/widowed,1 <= ... < 4 yrs,building soc. savings agr. / life insurance,retraining,... >= 1000 DM,... < 0 DM,yes (under customer name)
good,27,9157,existing credits paid back duly till now,60,1 <= ... < 4 yrs,no,own,25 <= ... < 35,manager/self-empl/highly qualif. employee,1,none,none,0 to 2,male : married/widowed,1 <= ... < 4 yrs,real estate,furniture/equipment,... >= 1000 DM,... < 0 DM,no
good,37,3676,all credits at this bank paid back duly,6,1 <= ... < 4 yrs,no,for free,>= 35,skilled employee/official,4-5,none,none,3 or more,male : married/widowed,4 <= ... < 7 yrs,unknown / no property,others,unknown/no savings account,no checking account,no
bad,21,3441,no credits taken/all credits paid back duly,30,1 <= ... < 4 yrs,no,for free,25 <= ... < 35,skilled employee/official,1,co-applicant,none,0 to 2,female : non-single or male : single,>= 7 yrs,building soc. savings agr. / life insurance,car (used),... < 100 DM,... < 0 DM,no
good,49,640,no credits taken/all credits paid back duly,12,1 <= ... < 4 yrs,no,rent,< 20,unskilled - resident,1,none,none,0 to 2,male : divorced/separated,1 <= ... < 4 yrs,unknown / no property,others,unknown/no savings account,... >= 200 DM / salary for at least 1 year,no
good,27,3652,all credits at this bank paid back duly,21,4 <= ... < 7 yrs,no,rent,25 <= ... < 35,skilled employee/official,2-3,none,none,0 to 2,male : married/widowed,4 <= ... < 7 yrs,car or other,retraining,unknown/no savings account,... < 0 DM,no
bad,32,1530,all credits at this bank paid back duly,18,1 <= ... < 4 yrs,no,rent,20 <= ... < 25,skilled employee/official,2-3,none,bank,0 to 2,male : married/widowed,1 <= ... < 4 yrs,car or other,others,unknown/no savings account,... >= 200 DM / salary for at least 1 year,no
bad,38,3914,no credits taken/all credits paid back duly,48,1 <= ... < 4 yrs,no,rent,< 20,skilled employee/official,1,none,bank,0 to 2,male : divorced/separated,1 <= ... < 4 yrs,unknown / no property,retraining,... >= 1000 DM,... >= 200 DM / salary for at least 1 year,no
good,22,1858,no credits taken/all credits paid back duly,12,< 1 yr,no,for free,< 20,skilled employee/official,1,none,none,0 to 2,female : non-single or male : single,< 1 yr,building soc. savings agr. / life insurance,car (used),unknown/no savings account,no checking account,no
bad,65,2600,no credits taken/all credits paid back duly,18,1 <= ... < 4 yrs,no,own,< 20,skilled employee/official,2-3,none,none,0 to 2,male : married/widowed,>= 7 yrs,real estate,furniture/equipment,unknown/no savings account,no checking account,no
good,35,1979,no credits taken/all credits paid back duly,15,>= 7 yrs,no,rent,< 20,skilled employee/official,1,none,none,0 to 2,male : married/widowed,1 <= ... < 4 yrs,building soc. savings agr. / life insurance,furniture/equipment,... >= 1000 DM,... >= 200 DM / salary for at least 1 year,no
good,41,2116,no credits taken/all credits paid back duly,6,1 <= ... < 4 yrs,no,rent,25 <= ... < 35,skilled employee/official,1,none,none,0 to 2,male : married/widowed,1 <= ... < 4 yrs,unknown / no property,car (used),unknown/no savings account,0<= ... < 200 DM,yes (under customer name)
bad,29,1437,critical account/other credits elsewhere,9,4 <= ... < 7 yrs,no,rent,25 <= ... < 35,skilled employee/official,1,none,none,0 to 2,male : married/widowed,4 <= ... < 7 yrs,real estate,others,... < 100 DM,... < 0 DM,no
good,36,4042,all credits at this bank paid back duly,42,1 <= ... < 4 yrs,no,rent,< 20,skilled employee/official,2-3,none,none,0 to 2,male : married/widowed,>= 7 yrs,unknown / no property,car (used),100 <= ... < 500 DM,... >= 200 DM / salary for at least 1 year,yes (under customer name)
good,64,3832,no credits taken/all credits paid back duly,9,>= 7 yrs,no,rent,>= 35,unskilled - resident,1,none,none,0 to 2,male : married/widowed,>= 7 yrs,unknown / no property,repairs,... >= 1000 DM,... >= 200 DM / salary for at least 1 year,no
good,28,3660,no credits taken/all credits paid back duly,24,1 <= ... < 4 yrs,no,rent,25 <= ... < 35,skilled employee/official,1,none,none,0 to 2,female : non-single or male : single,>= 7 yrs,building soc. savings agr. / life insurance,furniture/equipment,unknown/no savings account,no checking account,no
bad,44,1553,critical account/other credits elsewhere,18,1 <= ... < 4 yrs,no,rent,< 20,skilled employee/official,1,none,bank,0 to 2,male : married/widowed,4 <= ... < 7 yrs,building soc. savings agr. / life insurance,car (used),unknown/no savings account,no checking account,no
good,23,1444,no credits taken/all credits paid back duly,15,< 1 yr,no,rent,< 20,skilled employee/official,1,none,none,0 to 2,male : married/widowed,< 1 yr,car or other,furniture/equipment,... >= 1000 DM,... < 0 DM,no
bad,19,1980,no credits taken/all credits paid back duly,9,< 1 yr,no,for free,25 <= ... < 35,skilled employee/official,2-3,co-applicant,none,0 to 2,female : non-single or male : single,1 <= ... < 4 yrs,building soc. savings agr. / life insurance,car (used),unknown/no savings account,... >= 200 DM / salary for at least 1 year,no
bad,25,1355,no credits taken/all credits paid back duly,24,< 1 yr,no,rent,20 <= ... < 25,unskilled - resident,1,none,none,0 to 2,female : non-single or male : single,>= 7 yrs,building soc. savings agr. / life insurance,others,unknown/no savings account,... < 0 DM,yes (under customer name)
good,47,1393,no credits taken/all credits paid back duly,12,>= 7 yrs,no,rent,< 20,skilled employee/official,4-5,none,bank,3 or more,male : married/widowed,>= 7 yrs,car or other,repairs,unknown/no savings account,... >= 200 DM / salary for at least 1 year,yes (under customer name)
good,28,1376,no credits taken/all credits paid back duly,24,4 <= ... < 7 yrs,no,rent,< 20,skilled employee/official,1,none,none,0 to 2,female : non-single or male : single,< 1 yr,building soc. savings agr. / life insurance,furniture/equipment,100 <= ... < 500 DM,... >= 200 DM / salary for at least 1 year,no
good,21,15653,existing credits paid back duly till now,60,4 <= ... < 7 yrs,no,rent,25 <= ... < 35,skilled employee/official,2-3,none,none,0 to 2,male : married/widowed,>= 7 yrs,building soc. savings agr. / life insurance,furniture/equipment,unknown/no savings account,... >= 200 DM / salary for at least 1 year,yes (under customer name)
good,34,1493,no credits taken/all credits paid back duly,12,< 1 yr,no,rent,< 20,skilled employee/official,1,none,none,3 or more,female : non-single or male : single,4 <= ... < 7 yrs,building soc. savings agr. / life insurance,furniture/equipment,unknown/no savings account,... >= 200 DM / salary for at least 1 year,no
bad,26,4370,existing credits paid back duly till now,42,4 <= ... < 7 yrs,no,rent,20 <= ... < 25,skilled employee/official,2-3,none,bank,3 or more,male : married/widowed,1 <= ... < 4 yrs,car or other,furniture/equipment,unknown/no savings account,no checking account,yes (under customer name)
bad,27,750,no credits taken/all credits paid back duly,18,unemployed,no,rent,< 20,unemployed/unskilled - non-resident,1,none,none,0 to 2,female : non-single or male : single,< 1 yr,unknown / no property,repairs,unknown/no savings account,no checking account,no
good,38,1308,no credits taken/all credits paid back duly,15,>= 7 yrs,no,rent,< 20,unskilled - resident,2-3,none,none,0 to 2,male : married/widowed,>= 7 yrs,building soc. savings agr. / life insurance,domestic appliances,unknown/no savings account,... < 0 DM,no
bad,40,4623,no credits taken/all credits paid back duly,15,1 <= ... < 4 yrs,no,rent,20 <= ... < 25,manager/self-empl/highly qualif. employee,1,none,none,0 to 2,male : married/widowed,1 <= ... < 4 yrs,car or other,repairs,... < 100 DM,... >= 200 DM / salary for at least 1 year,yes (under customer name)
good,33,1851,all credits at this bank paid back duly,24,4 <= ... < 7 yrs,no,rent,< 20,skilled employee/official,2-3,guarantor,none,0 to 2,female : single,1 <= ... < 4 yrs,building soc. savings agr. / life insurance,furniture/equipment,unknown/no savings account,... >= 200 DM / salary for at least 1 year,yes (under customer name)
good,32,1880,all credits at this bank paid back duly,18,4 <= ... < 7 yrs,no,rent,< 20,manager/self-empl/highly qualif. employee,2-3,none,none,0 to 2,female : single,< 1 yr,car or other,furniture/equipment,unknown/no savings account,no checking account,yes (under customer name)
bad,27,7980,existing credits paid back duly till now,36,< 1 yr,no,for free,< 20,skilled employee/official,2-3,none,none,0 to 2,male : married/widowed,>= 7 yrs,building soc. savings agr. / life insurance,retraining,... >= 1000 DM,... >= 200 DM / salary for at least 1 year,yes (under customer name)
good,32,4583,delay in paying off in the past,30,1 <= ... < 4 yrs,no,rent,25 <= ... < 35,skilled employee/official,2-3,guarantor,none,0 to 2,male : divorced/separated,1 <= ... < 4 yrs,unknown / no property,car (used),unknown/no savings account,no checking account,no
bad,26,1386,no credits taken/all credits paid back duly,12,1 <= ... < 4 yrs,no,rent,25 <= ... < 35,skilled employee/official,1,none,none,0 to 2,female : non-single or male : single,1 <= ... < 4 yrs,car or other,others,100 <= ... < 500 DM,... >= 200 DM / salary for at least 1 year,no
bad,38,947,no credits taken/all credits paid back duly,24,4 <= ... < 7 yrs,no,own,< 20,skilled employee/official,1,none,bank,3 or more,male : married/widowed,4 <= ... < 7 yrs,real estate,others,unknown/no savings account,0<= ... < 200 DM,no
bad,40,684,no credits taken/all credits paid back duly,12,1 <= ... < 4 yrs,no,for free,< 20,unskilled - resident,1,none,none,3 or more,male : married/widowed,>= 7 yrs,building soc. savings agr. / life insurance,repairs,unknown/no savings account,no checking account,no
good,50,7476,no credits taken/all credits paid back duly,48,4 <= ... < 7 yrs,no,own,< 20,manager/self-empl/highly qualif. employee,1,none,none,0 to 2,male : married/widowed,< 1 yr,real estate,repairs,unknown/no savings account,no checking account,yes (under customer name)
bad,37,1922,no credits taken/all credits paid back duly,12,1 <= ... < 4 yrs,no,rent,< 20,unskilled - resident,1,none,none,0 to 2,male : married/widowed,1 <= ... < 4 yrs,car or other,car (used),unknown/no savings account,... < 0 DM,no
bad,45,2303,no credits taken/all credits paid back duly,24,>= 7 yrs,no,rent,< 20,skilled employee/official,1,co-applicant,none,0 to 2,male : married/widowed,< 1 yr,unknown / no property,others,unknown/no savings account,no checking account,no
bad,42,8086,existing credits paid back duly till now,36,>= 7 yrs,no,rent,25 <= ... < 35,manager/self-empl/highly qualif. employee,>= 6,none,none,0 to 2,male : married/widowed,>= 7 yrs,building soc. savings agr. / life insurance,others,... < 100 DM,... < 0 DM,yes (under customer name)
good,35,2346,all credits at this bank paid back duly,24,4 <= ... < 7 yrs,no,rent,< 20,skilled employee/official,2-3,none,none,0 to 2,male : married/widowed,4 <= ... < 7 yrs,building soc. savings agr. / life insurance,car (new),unknown/no savings account,... >= 200 DM / salary for at least 1 year,yes (under customer name)
good,22,3973,no credits taken/all credits paid back duly,14,unemployed,no,own,>= 35,skilled employee/official,1,none,none,0 to 2,male : married/widowed,>= 7 yrs,real estate,others,unknown/no savings account,no checking account,no
bad,41,888,no credits taken/all credits paid back duly,12,>= 7 yrs,no,rent,< 20,unskilled - resident,1,none,bank,3 or more,male : married/widowed,>= 7 yrs,building soc. savings agr. / life insurance,others,unknown/no savings account,... < 0 DM,no
good,37,10222,no credits taken/all credits paid back duly,48,4 <= ... < 7 yrs,no,rent,< 20,skilled employee/official,1,none,stores,0 to 2,male : married/widowed,4 <= ... < 7 yrs,building soc. savings agr. / life insurance,furniture/equipment,... >= 1000 DM,... >= 200 DM / salary for at least 1 year,yes (under customer name)
good,28,4221,delay in paying off in the past,30,1 <= ... < 4 yrs,no,rent,25 <= ... < 35,skilled employee/official,2-3,none,none,0 to 2,female : non-single or male : single,< 1 yr,building soc. savings agr. / life insurance,retraining,unknown/no savings account,... < 0 DM,no
good,41,6361,all credits at this bank paid back duly,18,>= 7 yrs,no,rent,25 <= ... < 35,skilled employee/official,1,none,none,0 to 2,male : married/widowed,< 1 yr,real estate,car (used),unknown/no savings account,... < 0 DM,yes (under customer name)
good,23,1297,no credits taken/all credits paid back duly,12,1 <= ... < 4 yrs,no,for free,20 <= ... < 25,skilled employee/official,1,none,none,0 to 2,female : single,>= 7 yrs,unknown / no property,furniture/equipment,unknown/no savings account,0<= ... < 200 DM,no
bad,23,900,no credits taken/all credits paid back duly,12,1 <= ... < 4 yrs,no,rent,< 20,skilled employee/official,1,none,none,0 to 2,female : single,1 <= ... < 4 yrs,building soc. savings agr. / life insurance,others,... >= 1000 DM,no checking account,no
good,50,2241,no credits taken/all credits paid back duly,21,>= 7 yrs,no,rent,< 20,skilled employee/official,2-3,none,none,0 to 2,male : married/widowed,1 <= ... < 4 yrs,unknown / no property,car (used),unknown/no savings account,... >= 200 DM / salary for at least 1 year,no
good,35,1050,existing credits paid back duly till now,6,unemployed,no,rent,< 20,manager/self-empl/highly qualif. employee,2-3,none,stores,0 to 2,male : married/widowed,< 1 yr,car or other,car (used),unknown/no savings account,... < 0 DM,yes (under customer name)
good,50,1047,all credits at this bank paid back duly,6,1 <= ... < 4 yrs,no,rent,25 <= ... < 35,unskilled - resident,1,none,none,0 to 2,female : non-single or male : single,>= 7 yrs,car or other,repairs,unknown/no savings account,0<= ... < 200 DM,no
good,27,6314,all credits at this bank paid back duly,24,unemployed,no,rent,< 20,manager/self-empl/highly qualif. employee,2-3,co-applicant,bank,0 to 2,male : married/widowed,1 <= ... < 4 yrs,real estate,business,unknown/no savings account,... >= 200 DM / salary for at least 1 year,yes (under customer name)
good,34,3496,critical account/other credits elsewhere,30,1 <= ... < 4 yrs,no,rent,< 20,skilled employee/official,1,none,stores,3 or more,male : married/widowed,1 <= ... < 4 yrs,building soc. savings agr. / life insurance,car (used),500 <= ... < 1000 DM,... < 0 DM,yes (under customer name)
good,27,3609,critical account/other credits elsewhere,48,1 <= ... < 4 yrs,no,rent,>= 35,skilled employee/official,1,none,stores,0 to 2,female : non-single or male : single,< 1 yr,unknown / no property,retraining,unknown/no savings account,... >= 200 DM / salary for at least 1 year,no
bad,43,4843,all credits at this bank paid back duly,12,>= 7 yrs,no,for free,20 <= ... < 25,skilled employee/official,2-3,co-applicant,none,0 to 2,male : married/widowed,>= 7 yrs,car or other,others,unknown/no savings account,no checking account,yes (under customer name)
good,47,3017,all credits at this bank paid back duly,30,>= 7 yrs,no,rent,< 20,skilled employee/official,1,none,none,0 to 2,male : married/widowed,>= 7 yrs,car or other,furniture/equipment,unknown/no savings account,0<= ... < 200 DM,no
good,27,4139,all credits at this bank paid back duly,24,1 <= ... < 4 yrs,no,rent,20 <= ... < 25,unskilled - resident,2-3,none,none,0 to 2,male : married/widowed,4 <= ... < 7 yrs,car or other,retraining,... < 100 DM,... >= 200 DM / salary for at least 1 year,yes (under customer name)
good,31,5742,no credits taken/all credits paid back duly,36,4 <= ... < 7 yrs,no,rent,25 <= ... < 35,skilled employee/official,2-3,none,none,0 to 2,male : married/widowed,1 <= ... < 4 yrs,building soc. savings agr. / life insurance,retraining,... < 100 DM,... >= 200 DM / salary for at least 1 year,yes (under customer name)
good,42,10366,no credits taken/all credits paid back duly,60,>= 7 yrs,no,rent,25 <= ... < 35,manager/self-empl/highly qualif. employee,1,none,none,0 to 2,male : married/widowed,>= 7 yrs,car or other,others,unknown/no savings account,... >= 200 DM / salary for at least 1 year,yes (under customer name)
good,24,2080,all credits at this bank paid back duly,6,1 <= ... < 4 yrs,no,rent,>= 35,skilled employee/official,1,none,none,0 to 2,female : single,1 <= ... < 4 yrs,building soc. savings agr. / life insurance,others,100 <= ... < 500 DM,... >= 200 DM / salary for at least 1 year,no
bad,41,2580,existing credits paid back duly till now,21,< 1 yr,no,rent,< 20,unskilled - resident,1,none,bank,3 or more,male : married/widowed,1 <= ... < 4 yrs,unknown / no property,retraining,100 <= ... < 500 DM,... >= 200 DM / salary for at least 1 year,no
good,26,4530,all credits at this bank paid back duly,30,4 <= ... < 7 yrs,no,for free,< 20,manager/self-empl/highly qualif. employee,1,none,none,0 to 2,female : non-single or male : single,>= 7 yrs,building soc. savings agr. / life insurance,furniture/equipment,unknown/no savings account,... >= 200 DM / salary for at least 1 year,yes (under customer name)
good,33,5150,all credits at this bank paid back duly,24,>= 7 yrs,no,rent,< 20,skilled employee/official,1,none,none,0 to 2,male : married/widowed,>= 7 yrs,building soc. savings agr. / life insurance,car (used),unknown/no savings account,... >= 200 DM / salary for at least 1 year,yes (under customer name)
bad,24,5595,no credits taken/all credits paid back duly,72,1 <= ... < 4 yrs,no,rent,25 <= ... < 35,skilled employee/official,1,none,none,0 to 2,female : single,1 <= ... < 4 yrs,building soc. savings agr. / life insurance,furniture/equipment,... < 100 DM,... < 0 DM,no
good,64,2384,no credits taken/all credits paid back duly,24,>= 7 yrs,no,for free,< 20,unskilled - resident,1,none,bank,0 to 2,male : married/widowed,>= 7 yrs,unknown / no property,furniture/equipment,unknown/no savings account,no checking account,no
good,26,1453,no credits taken/all credits paid back duly,18,< 1 yr,no,rent,20 <= ... < 25,skilled employee/official,1,none,none,0 to 2,female : non-single or male : single,< 1 yr,unknown / no property,furniture/equipment,unknown/no savings account,... >= 200 DM / salary for at least 1 year,no
good,56,1538,no credits taken/all credits paid back duly,6,< 1 yr,no,rent,>= 35,skilled employee/official,1,none,none,0 to 2,female : non-single or male : single,1 <= ... < 4 yrs,real estate,repairs,unknown/no savings account,... >= 200 DM / salary for at least 1 year,no
good,37,2279,no credits taken/all credits paid back duly,12,1 <= ... < 4 yrs,no,own,< 20,skilled employee/official,1,none,none,0 to 2,male : married/widowed,>= 7 yrs,real estate,furniture/equipment,... >= 1000 DM,... >= 200 DM / salary for at least 1 year,yes (under customer name)
good,33,1478,existing credits paid back duly till now,15,1 <= ... < 4 yrs,no,rent,< 20,skilled employee/official,2-3,none,bank,0 to 2,female : single,4 <= ... < 7 yrs,unknown / no property,furniture/equipment,unknown/no savings account,... >= 200 DM / salary for at least 1 year,no
good,47,5103,all credits at this bank paid back duly,24,< 1 yr,no,own,20 <= ... < 25,skilled employee/official,4-5,none,none,0 to 2,female : single,4 <= ... < 7 yrs,real estate,furniture/equipment,unknown/no savings account,... >= 200 DM / salary for at least 1 year,yes (under customer name)
good,31,9857,existing credits paid back duly till now,36,4 <= ... < 7 yrs,no,rent,>= 35,unskilled - resident,2-3,none,none,3 or more,male : married/widowed,4 <= ... < 7 yrs,car or other,retraining,... < 100 DM,... < 0 DM,yes (under customer name)
good,34,6527,no credits taken/all credits paid back duly,60,1 <= ... < 4 yrs,no,own,< 20,skilled employee/official,1,none,none,3 or more,male : married/widowed,>= 7 yrs,real estate,others,... >= 1000 DM,... >= 200 DM / salary for at least 1 year,yes (under customer name)
good,27,1347,all credits at this bank paid back duly,10,4 <= ... < 7 yrs,no,rent,< 20,skilled employee/official,2-3,none,none,0 to 2,male : married/widowed,1 <= ... < 4 yrs,car or other,furniture/equipment,... >= 1000 DM,0<= ... < 200 DM,yes (under customer name)
good,30,2862,existing credits paid back duly till now,36,>= 7 yrs,no,own,< 20,skilled employee/official,1,none,none,0 to 2,male : married/widowed,4 <= ... < 7 yrs,real estate,others,... < 100 DM,... < 0 DM,no
good,35,2753,no credits taken/all credits paid back duly,9,>= 7 yrs,no,rent,20 <= ... < 25,skilled employee/official,1,co-applicant,none,0 to 2,male : married/widowed,>= 7 yrs,building soc. savings agr. / life insurance,furniture/equipment,... < 100 DM,... >= 200 DM / salary for at least 1 year,yes (under customer name)
good,31,3651,no credits taken/all credits paid back duly,12,1 <= ... < 4 yrs,no,rent,>= 35,skilled employee/official,1,none,none,3 or more,male : married/widowed,4 <= ... < 7 yrs,car or other,others,500 <= ... < 1000 DM,no checking account,no
good,25,975,all credits at this bank paid back duly,15,1 <= ... < 4 yrs,no,rent,25 <= ... < 35,skilled employee/official,2-3,none,none,0 to 2,male : divorced/separated,4 <= ... < 7 yrs,car or other,car (used),unknown/no savings account,no checking account,no
good,25,2631,no credits taken/all credits paid back duly,15,1 <= ... < 4 yrs,no,rent,20 <= ... < 25,unskilled - resident,1,none,none,0 to 2,female : non-single or male : single,1 <= ... < 4 yrs,unknown / no property,domestic appliances,... < 100 DM,... < 0 DM,no
good,29,2896,no credits taken/all credits paid back duly,24,< 1 yr,no,rent,25 <= ... < 35,skilled employee/official,1,none,none,0 to 2,male : married/widowed,< 1 yr,building soc. savings agr. / life insurance,furniture/equipment,... < 100 DM,... < 0 DM,no
good,44,4716,all credits at this bank paid back duly,6,< 1 yr,no,rent,>= 35,unskilled - resident,2-3,none,none,3 or more,male : married/widowed,4 <= ... < 7 yrs,unknown / no property,others,... >= 1000 DM,no checking account,no
good,28,2284,no credits taken/all credits paid back duly,24,4 <= ... < 7 yrs,no,rent,< 20,skilled employee/official,1,none,none,0 to 2,male : married/widowed,1 <= ... < 4 yrs,building soc. savings agr. / life insurance,furniture/equipment,unknown/no savings account,... >= 200 DM / salary for at least 1 year,yes (under customer name)
good,50,1236,no credits taken/all credits paid back duly,6,1 <= ... < 4 yrs,no,for free,25 <= ... < 35,skilled employee/official,1,none,none,0 to 2,male : married/widowed,>= 7 yrs,car or other,car (new),100 <= ... < 500 DM,... >= 200 DM / salary for at least 1 year,no
good,29,1103,no credits taken/all credits paid back duly,12,4 <= ... < 7 yrs,yes,rent,< 20,skilled employee/official,2-3,guarantor,none,0 to 2,male : married/widowed,4 <= ... < 7 yrs,unknown / no property,furniture/equipment,unknown/no savings account,... < 0 DM,no
good,38,926,all credits at this bank paid back duly,12,unemployed,no,rent,>= 35,unemployed/unskilled - non-resident,1,none,none,0 to 2,female : non-single or male : single,1 <= ... < 4 yrs,car or other,others,unknown/no savings account,... >= 200 DM / salary for at least 1 year,no
good,24,1800,all credits at this bank paid back duly,18,1 <= ... < 4 yrs,no,rent,< 20,skilled employee/official,2-3,none,none,0 to 2,male : married/widowed,1 <= ... < 4 yrs,building soc. savings agr. / life insurance,furniture/equipment,unknown/no savings account,... >= 200 DM / salary for at least 1 year,no
good,40,1905,no credits taken/all credits paid back duly,15,>= 7 yrs,no,for free,< 20,manager/self-empl/highly qualif. employee,1,none,none,0 to 2,male : married/widowed,>= 7 yrs,building soc. savings agr. / life insurance,repairs,unknown/no savings account,0<= ... < 200 DM,yes (under customer name)
bad,29,1123,no credits taken/all credits paid back duly,12,1 <= ... < 4 yrs,no,for free,< 20,unskilled - resident,1,none,none,0 to 2,female : non-single or male : single,>= 7 yrs,building soc. savings agr. / life insurance,car (used),100 <= ... < 500 DM,... >= 200 DM / salary for at least 1 year,no
bad,46,6331,all credits at this bank paid back duly,48,>= 7 yrs,no,own,< 20,skilled employee/official,2-3,none,none,0 to 2,male : married/widowed,>= 7 yrs,real estate,car (new),unknown/no savings account,no checking account,yes (under customer name)
good,47,1377,no credits taken/all credits paid back duly,24,>= 7 yrs,no,own,< 20,skilled employee/official,1,none,none,0 to 2,female : non-single or male : single,1 <= ... < 4 yrs,real estate,furniture/equipment,... < 100 DM,0<= ... < 200 DM,yes (under customer name)
good,41,2503,existing credits paid back duly till now,30,>= 7 yrs,no,rent,< 20,skilled employee/official,2-3,none,stores,0 to 2,male : married/widowed,1 <= ... < 4 yrs,car or other,retraining,... < 100 DM,... < 0 DM,no
good,32,2528,no credits taken/all credits paid back duly,27,< 1 yr,no,rent,< 20,skilled employee/official,1,none,none,3 or more,female : non-single or male : single,< 1 yr,car or other,retraining,unknown/no savings account,... < 0 DM,yes (under customer name)
good,35,5324,no credits taken/all credits paid back duly,15,>= 7 yrs,no,own,>= 35,skilled employee/official,1,none,none,0 to 2,female : non-single or male : single,>= 7 yrs,real estate,others,100 <= ... < 500 DM,... >= 200 DM / salary for at least 1 year,no
bad,24,6560,no credits taken/all credits paid back duly,48,4 <= ... < 7 yrs,no,rent,20 <= ... < 25,skilled employee/official,1,none,none,0 to 2,male : married/widowed,1 <= ... < 4 yrs,car or other,others,... < 100 DM,... < 0 DM,no
bad,25,2969,delay in paying off in the past,12,< 1 yr,no,for free,< 20,skilled employee/official,2-3,none,none,0 to 2,female : non-single or male : single,4 <= ... < 7 yrs,car or other,car (used),unknown/no savings account,... < 0 DM,no
good,25,1206,no credits taken/all credits paid back duly,9,>= 7 yrs,no,rent,< 20,skilled employee/official,1,none,none,0 to 2,female : non-single or male : single,>= 7 yrs,unknown / no property,furniture/equipment,unknown/no savings account,... < 0 DM,no
good,37,2118,no credits taken/all credits paid back duly,9,1 <= ... < 4 yrs,no,rent,25 <= ... < 35,unskilled - resident,1,none,none,3 or more,male : married/widowed,1 <= ... < 4 yrs,unknown / no property,furniture/equipment,unknown/no savings account,... < 0 DM,no
good,32,629,all credits at this bank paid back duly,18,>= 7 yrs,no,rent,< 20,manager/self-empl/highly qualif. employee,2-3,none,bank,0 to 2,male : married/widowed,4 <= ... < 7 yrs,car or other,furniture/equipment,100 <= ... < 500 DM,... >= 200 DM / salary for at least 1 year,yes (under customer name)
bad,35,1198,critical account/other credits elsewhere,6,>= 7 yrs,no,own,< 20,skilled employee/official,1,none,none,0 to 2,female : non-single or male : single,>= 7 yrs,real estate,repairs,unknown/no savings account,no checking account,no
good,46,2476,no credits taken/all credits paid back duly,21,>= 7 yrs,no,rent,< 20,manager/self-empl/highly qualif. employee,1,none,none,0 to 2,male : married/widowed,>= 7 yrs,unknown / no property,car (new),... >= 1000 DM,... >= 200 DM / salary for at least 1 year,yes (under customer name)
good,25,1138,all credits at this bank paid back duly,9,1 <= ... < 4 yrs,no,rent,< 20,unskilled - resident,2-3,none,none,0 to 2,male : married/widowed,>= 7 yrs,unknown / no property,furniture/equipment,unknown/no savings account,no checking account,no
bad,27,14027,no credits taken/all credits paid back duly,60,4 <= ... < 7 yrs,no,rent,< 20,manager/self-empl/highly qualif. employee,1,none,none,0 to 2,male : married/widowed,1 <= ... < 4 yrs,real estate,others,unknown/no savings account,... < 0 DM,yes (under customer name)
good,63,7596,all credits at this bank paid back duly,30,>= 7 yrs,no,rent,>= 35,skilled employee/official,2-3,none,none,0 to 2,male : married/widowed,>= 7 yrs,building soc. savings agr. / life insurance,car (new),... >= 1000 DM,... >= 200 DM / salary for at least 1 year,no
good,40,3077,all credits at this bank paid back duly,30,>= 7 yrs,no,rent,20 <= ... < 25,skilled employee/official,2-3,none,none,3 or more,male : married/widowed,1 <= ... < 4 yrs,building soc. savings agr. / life insurance,furniture/equipment,... >= 1000 DM,... >= 200 DM / salary for at least 1 year,yes (under customer name)
good,32,1505,no credits taken/all credits paid back duly,18,1 <= ... < 4 yrs,no,own,< 20,manager/self-empl/highly qualif. employee,1,none,none,0 to 2,male : married/widowed,1 <= ... < 4 yrs,real estate,furniture/equipment,unknown/no savings account,... >= 200 DM / salary for at least 1 year,yes (under customer name)
good,31,3148,all credits at this bank paid back duly,24,1 <= ... < 4 yrs,no,rent,20 <= ... < 25,skilled employee/official,2-3,none,none,0 to 2,male : married/widowed,1 <= ... < 4 yrs,building soc. savings agr. / life insurance,furniture/equipment,... >= 1000 DM,0<= ... < 200 DM,yes (under customer name)
good,31,6148,delay in paying off in the past,20,>= 7 yrs,no,rent,20 <= ... < 25,skilled employee/official,2-3,none,bank,0 to 2,female : single,>= 7 yrs,building soc. savings agr. / life insurance,car (new),... < 100 DM,... < 0 DM,yes (under customer name)
bad,34,1337,delay in paying off in the past,9,< 1 yr,no,rent,< 20,manager/self-empl/highly qualif. employee,2-3,none,none,0 to 2,male : married/widowed,1 <= ... < 4 yrs,building soc. savings agr. / life insurance,furniture/equipment,unknown/no savings account,0<= ... < 200 DM,yes (under customer name)
bad,24,433,critical account/other credits elsewhere,6,< 1 yr,no,for free,< 20,skilled employee/official,1,none,bank,3 or more,female : non-single or male : single,1 <= ... < 4 yrs,car or other,repairs,500 <= ... < 1000 DM,... < 0 DM,no
bad,24,1228,no credits taken/all credits paid back duly,12,1 <= ... < 4 yrs,no,rent,< 20,unskilled - resident,1,none,none,0 to 2,female : non-single or male : single,1 <= ... < 4 yrs,unknown / no property,others,unknown/no savings account,no checking account,no
good,66,790,no credits taken/all credits paid back duly,9,1 <= ... < 4 yrs,no,rent,< 20,unskilled - resident,1,none,none,0 to 2,female : non-single or male : single,4 <= ... < 7 yrs,unknown / no property,furniture/equipment,100 <= ... < 500 DM,... < 0 DM,no
bad,21,2570,no credits taken/all credits paid back duly,27,1 <= ... < 4 yrs,no,for free,20 <= ... < 25,skilled employee/official,1,none,none,0 to 2,female : non-single or male : single,4 <= ... < 7 yrs,unknown / no property,others,unknown/no savings account,... >= 200 DM / salary for at least 1 year,no
good,41,250,all credits at this bank paid back duly,6,1 <= ... < 4 yrs,no,rent,25 <= ... < 35,unskilled - resident,2-3,none,bank,0 to 2,female : non-single or male : single,1 <= ... < 4 yrs,unknown / no property,others,500 <= ... < 1000 DM,... >= 200 DM / salary for at least 1 year,no
good,47,1316,all credits at this bank paid back duly,15,1 <= ... < 4 yrs,no,rent,25 <= ... < 35,unskilled - resident,2-3,none,none,0 to 2,female : single,1 <= ... < 4 yrs,car or other,furniture/equipment,100 <= ... < 500 DM,... >= 200 DM / salary for at least 1 year,no
bad,25,1882,no credits taken/all credits paid back duly,18,1 <= ... < 4 yrs,no,for free,< 20,skilled employee/official,2-3,none,bank,0 to 2,female : non-single or male : single,>= 7 yrs,building soc. savings agr. / life insurance,furniture/equipment,unknown/no savings account,no checking account,no
bad,59,6416,critical account/other credits elsewhere,48,>= 7 yrs,no,for free,< 20,skilled employee/official,1,none,none,0 to 2,female : non-single or male : single,4 <= ... < 7 yrs,real estate,retraining,unknown/no savings account,... < 0 DM,no
good,36,1275,all credits at this bank paid back duly,24,1 <= ... < 4 yrs,no,rent,25 <= ... < 35,skilled employee/official,2-3,none,none,0 to 2,male : divorced/separated,>= 7 yrs,unknown / no property,retraining,500 <= ... < 1000 DM,0<= ... < 200 DM,yes (under customer name)
good,33,6403,existing credits paid back duly till now,24,< 1 yr,no,rent,>= 35,skilled employee/official,1,none,none,0 to 2,male : married/widowed,1 <= ... < 4 yrs,building soc. savings agr. / life insurance,furniture/equipment,unknown/no savings account,... < 0 DM,no
bad,21,1987,no credits taken/all credits paid back duly,24,1 <= ... < 4 yrs,no,for free,25 <= ... < 35,unskilled - resident,1,none,none,3 or more,male : married/widowed,>= 7 yrs,unknown / no property,furniture/equipment,unknown/no savings account,no checking account,no
good,44,760,no credits taken/all credits paid back duly,8,4 <= ... < 7 yrs,no,rent,< 20,unskilled - resident,1,guarantor,none,0 to 2,female : non-single or male : single,1 <= ... < 4 yrs,unknown / no property,furniture/equipment,unknown/no savings account,... < 0 DM,no
good,28,2603,no credits taken/all credits paid back duly,24,1 <= ... < 4 yrs,no,for free,25 <= ... < 35,skilled employee/official,1,none,none,0 to 2,female : non-single or male : single,>= 7 yrs,building soc. savings agr. / life insurance,car (new),500 <= ... < 1000 DM,... >= 200 DM / salary for at least 1 year,yes (under customer name)
good,37,3380,all credits at this bank paid back duly,4,4 <= ... < 7 yrs,no,rent,>= 35,skilled employee/official,1,none,none,3 or more,female : non-single or male : single,< 1 yr,unknown / no property,others,unknown/no savings account,... >= 200 DM / salary for at least 1 year,no
good,29,3990,critical account/other credits elsewhere,36,< 1 yr,no,rent,20 <= ... < 25,unemployed/unskilled - non-resident,1,none,bank,0 to 2,female : non-single or male : single,1 <= ... < 4 yrs,real estate,radio/television,... >= 1000 DM,... < 0 DM,no
bad,23,11560,no credits taken/all credits paid back duly,24,1 <= ... < 4 yrs,no,for free,>= 35,manager/self-empl/highly qualif. employee,2-3,none,none,0 to 2,female : non-single or male : single,>= 7 yrs,building soc. savings agr. / life insurance,car (new),unknown/no savings account,... < 0 DM,no
good,35,4380,no credits taken/all credits paid back duly,18,1 <= ... < 4 yrs,no,rent,20 <= ... < 25,unskilled - resident,1,none,none,3 or more,male : married/widowed,>= 7 yrs,building soc. savings agr. / life insurance,others,... < 100 DM,no checking account,yes (under customer name)
good,45,6761,all credits at this bank paid back duly,6,4 <= ... < 7 yrs,no,rent,>= 35,manager/self-empl/highly qualif. employee,2-3,none,none,3 or more,male : married/widowed,4 <= ... < 7 yrs,real estate,others,unknown/no savings account,... >= 200 DM / salary for at least 1 year,yes (under customer name)
bad,26,4280,delay in paying off in the past,30,1 <= ... < 4 yrs,no,for free,< 20,unskilled - resident,2-3,none,none,0 to 2,female : non-single or male : single,>= 7 yrs,building soc. savings agr. / life insurance,retraining,... < 100 DM,... < 0 DM,no
good,32,2325,critical account/other credits elsewhere,24,4 <= ... < 7 yrs,no,rent,25 <= ... < 35,skilled employee/official,1,none,bank,0 to 2,male : married/widowed,4 <= ... < 7 yrs,building soc. savings agr. / life insurance,others,... < 100 DM,no checking account,no
good,23,1048,critical account/other credits elsewhere,10,1 <= ... < 4 yrs,no,rent,< 20,unskilled - resident,1,none,stores,0 to 2,male : married/widowed,>= 7 yrs,unknown / no property,furniture/equipment,unknown/no savings account,... < 0 DM,no
good,41,3160,no credits taken/all credits paid back duly,21,>= 7 yrs,no,rent,< 20,skilled employee/official,1,none,none,0 to 2,male : married/widowed,4 <= ... < 7 yrs,car or other,furniture/equipment,... >= 1000 DM,... >= 200 DM / salary for at least 1 year,yes (under customer name)
good,22,2483,critical account/other credits elsewhere,24,1 <= ... < 4 yrs,no,rent,< 20,skilled employee/official,1,none,stores,0 to 2,male : married/widowed,>= 7 yrs,unknown / no property,car (used),100 <= ... < 500 DM,no checking account,yes (under customer name)
good,30,14179,all credits at this bank paid back duly,39,4 <= ... < 7 yrs,no,rent,< 20,manager/self-empl/highly qualif. employee,2-3,none,none,0 to 2,male : married/widowed,>= 7 yrs,car or other,car (used),... >= 1000 DM,no checking account,yes (under customer name)
good,28,1797,all credits at this bank paid back duly,13,< 1 yr,no,rent,20 <= ... < 25,unskilled - resident,2-3,none,bank,0 to 2,male : married/widowed,< 1 yr,car or other,retraining,unknown/no savings account,no checking account,no
good,23,2511,no credits taken/all credits paid back duly,15,unemployed,no,for free,>= 35,skilled employee/official,1,none,none,0 to 2,female : non-single or male : single,>= 7 yrs,building soc. savings agr. / life insurance,others,unknown/no savings account,no checking account,no
bad,37,1274,no credits taken/all credits paid back duly,12,< 1 yr,no,rent,20 <= ... < 25,unskilled - resident,1,none,none,0 to 2,female : non-single or male : single,< 1 yr,unknown / no property,others,unknown/no savings account,no checking account,no
good,26,5248,no credits taken/all credits paid back duly,21,1 <= ... < 4 yrs,no,rent,>= 35,skilled employee/official,1,none,none,0 to 2,male : married/widowed,4 <= ... < 7 yrs,building soc. savings agr. / life insurance,car (new),... >= 1000 DM,... >= 200 DM / salary for at least 1 year,no
good,33,3029,no credits taken/all credits paid back duly,15,4 <= ... < 7 yrs,no,rent,25 <= ... < 35,skilled employee/official,1,none,none,0 to 2,male : married/widowed,1 <= ... < 4 yrs,building soc. savings agr. / life insurance,car (new),unknown/no savings account,... >= 200 DM / salary for at least 1 year,no
good,49,428,no credits taken/all credits paid back duly,6,>= 7 yrs,no,rent,25 <= ... < 35,skilled employee/official,1,none,bank,0 to 2,female : non-single or male : single,< 1 yr,car or other,car (used),unknown/no savings account,no checking account,yes (under customer name)
bad,23,976,no credits taken/all credits paid back duly,18,< 1 yr,no,rent,>= 35,unskilled - resident,1,none,none,0 to 2,female : non-single or male : single,1 <= ... < 4 yrs,building soc. savings agr. / life insurance,others,unknown/no savings account,no checking account,no
good,23,841,no credits taken/all credits paid back duly,12,4 <= ... < 7 yrs,no,for free,25 <= ... < 35,unskilled - resident,1,none,none,0 to 2,female : non-single or male : single,>= 7 yrs,unknown / no property,retraining,... < 100 DM,... < 0 DM,no
good,25,5771,all credits at this bank paid back duly,30,4 <= ... < 7 yrs,no,rent,< 20,skilled employee/official,2-3,none,none,0 to 2,female : non-single or male : single,1 <= ... < 4 yrs,building soc. savings agr. / life insurance,furniture/equipment,unknown/no savings account,... >= 200 DM / salary for at least 1 year,no
bad,55,1555,existing credits paid back duly till now,12,>= 7 yrs,no,own,< 20,skilled employee/official,2-3,none,none,3 or more,male : married/widowed,>= 7 yrs,real estate,domestic appliances,500 <= ... < 1000 DM,... >= 200 DM / salary for at least 1 year,no
bad,32,1285,no credits taken/all credits paid back duly,24,4 <= ... < 7 yrs,no,for free,< 20,skilled employee/official,1,none,none,0 to 2,female : non-single or male : single,>= 7 yrs,real estate,others,... >= 1000 DM,no checking account,no
good,74,1299,all credits at this bank paid back duly,6,1 <= ... < 4 yrs,yes,rent,>= 35,unemployed/unskilled - non-resident,4-5,none,none,3 or more,male : married/widowed,< 1 yr,unknown / no property,others,unknown/no savings account,0<= ... < 200 DM,no
bad,39,1271,all credits at this bank paid back duly,15,1 <= ... < 4 yrs,no,own,20 <= ... < 25,skilled employee/official,2-3,none,none,0 to 2,male : married/widowed,>= 7 yrs,real estate,furniture/equipment,... >= 1000 DM,0<= ... < 200 DM,yes (under customer name)
good,31,1393,no credits taken/all credits paid back duly,24,1 <= ... < 4 yrs,no,rent,25 <= ... < 35,skilled employee/official,1,guarantor,none,0 to 2,male : married/widowed,1 <= ... < 4 yrs,unknown / no property,others,unknown/no savings account,... >= 200 DM / salary for at least 1 year,yes (under customer name)
bad,35,691,all credits at this bank paid back duly,12,>= 7 yrs,no,rent,< 20,skilled employee/official,2-3,none,none,0 to 2,male : married/widowed,4 <= ... < 7 yrs,car or other,others,unknown/no savings account,no checking account,no
good,59,5045,all credits at this bank paid back duly,15,>= 7 yrs,no,rent,>= 35,skilled employee/official,1,none,none,0 to 2,female : non-single or male : single,>= 7 yrs,building soc. savings agr. / life insurance,others,... >= 1000 DM,... >= 200 DM / salary for at least 1 year,yes (under customer name)
bad,24,2124,all credits at this bank paid back duly,18,1 <= ... < 4 yrs,no,for free,< 20,skilled employee/official,2-3,none,none,0 to 2,female : non-single or male : single,>= 7 yrs,unknown / no property,car (used),unknown/no savings account,no checking account,no
good,24,2214,no credits taken/all credits paid back duly,12,1 <= ... < 4 yrs,no,rent,< 20,unskilled - resident,1,none,none,0 to 2,male : married/widowed,4 <= ... < 7 yrs,car or other,furniture/equipment,unknown/no savings account,no checking account,no
bad,30,12680,all credits at this bank paid back duly,21,>= 7 yrs,no,own,< 20,manager/self-empl/highly qualif. employee,1,none,none,0 to 2,male : married/widowed,>= 7 yrs,real estate,others,... >= 1000 DM,... >= 200 DM / salary for at least 1 year,yes (under customer name)
good,27,2463,all credits at this bank paid back duly,24,4 <= ... < 7 yrs,no,rent,< 20,skilled employee/official,2-3,none,none,0 to 2,female : single,4 <= ... < 7 yrs,car or other,others,... < 100 DM,... >= 200 DM / salary for at least 1 year,yes (under customer name)
good,40,1155,no credits taken/all credits paid back duly,12,>= 7 yrs,no,rent,20 <= ... < 25,unskilled - resident,2-3,guarantor,bank,0 to 2,female : single,4 <= ... < 7 yrs,unknown / no property,furniture/equipment,unknown/no savings account,... < 0 DM,no
bad,31,3108,no credits taken/all credits paid back duly,30,< 1 yr,no,rent,25 <= ... < 35,unskilled - resident,1,none,none,0 to 2,male : divorced/separated,>= 7 yrs,car or other,car (used),unknown/no savings account,no checking account,no
good,31,2901,no credits taken/all credits paid back duly,10,< 1 yr,no,for free,>= 35,skilled employee/official,1,none,none,0 to 2,female : non-single or male : single,>= 7 yrs,unknown / no property,car (new),... >= 1000 DM,... >= 200 DM / salary for at least 1 year,no
good,28,3617,all credits at this bank paid back duly,12,>= 7 yrs,no,for free,>= 35,skilled employee/official,4-5,none,none,0 to 2,male : married/widowed,>= 7 yrs,building soc. savings agr. / life insurance,car (used),unknown/no savings account,... < 0 DM,yes (under customer name)
good,63,1655,all credits at this bank paid back duly,12,>= 7 yrs,no,rent,25 <= ... < 35,unskilled - resident,2-3,none,none,0 to 2,male : married/widowed,>= 7 yrs,unknown / no property,furniture/equipment,unknown/no savings account,... >= 200 DM / salary for at least 1 year,yes (under customer name)
good,26,2812,no credits taken/all credits paid back duly,24,>= 7 yrs,no,for free,25 <= ... < 35,skilled employee/official,1,none,none,0 to 2,female : non-single or male : single,>= 7 yrs,unknown / no property,car (new),... >= 1000 DM,no checking account,no
bad,25,8065,all credits at this bank paid back duly,36,1 <= ... < 4 yrs,no,rent,20 <= ... < 25,manager/self-empl/highly qualif. employee,2-3,none,none,0 to 2,female : non-single or male : single,1 <= ... < 4 yrs,real estate,repairs,unknown/no savings account,no checking account,yes (under customer name)
good,36,3275,all credits at this bank paid back duly,21,>= 7 yrs,no,rent,>= 35,manager/self-empl/highly qualif. employee,1,none,none,0 to 2,male : married/widowed,>= 7 yrs,building soc. savings agr. / life insurance,car (new),unknown/no savings account,... >= 200 DM / salary for at least 1 year,yes (under customer name)
good,52,2223,all credits at this bank paid back duly,24,>= 7 yrs,no,rent,< 20,skilled employee/official,2-3,none,bank,0 to 2,male : married/widowed,>= 7 yrs,car or other,furniture/equipment,... < 100 DM,... >= 200 DM / salary for at least 1 year,no
good,66,1480,all credits at this bank paid back duly,12,unemployed,no,own,25 <= ... < 35,unemployed/unskilled - non-resident,4-5,none,bank,0 to 2,male : married/widowed,>= 7 yrs,real estate,others,100 <= ... < 500 DM,0<= ... < 200 DM,no
bad,25,1371,no credits taken/all credits paid back duly,24,1 <= ... < 4 yrs,no,for free,< 20,skilled employee/official,1,none,none,0 to 2,female : non-single or male : single,>= 7 yrs,unknown / no property,others,... >= 1000 DM,no checking account,no
good,37,3535,all credits at this bank paid back duly,36,4 <= ... < 7 yrs,no,rent,< 20,skilled employee/official,2-3,none,none,0 to 2,male : married/widowed,>= 7 yrs,building soc. savings agr. / life insurance,others,unknown/no savings account,... >= 200 DM / salary for at least 1 year,yes (under customer name)
good,25,3509,no credits taken/all credits paid back duly,18,4 <= ... < 7 yrs,no,rent,< 20,skilled employee/official,1,guarantor,none,0 to 2,female : non-single or male : single,< 1 yr,unknown / no property,furniture/equipment,unknown/no savings account,no checking account,no
good,38,5711,all credits at this bank paid back duly,36,>= 7 yrs,no,rent,< 20,manager/self-empl/highly qualif. employee,2-3,none,none,0 to 2,male : married/widowed,1 <= ... < 4 yrs,building soc. savings agr. / life insurance,car (new),500 <= ... < 1000 DM,... >= 200 DM / salary for at least 1 year,yes (under customer name)
good,67,3872,no credits taken/all credits paid back duly,18,unemployed,no,rent,25 <= ... < 35,skilled employee/official,1,none,none,0 to 2,female : non-single or male : single,>= 7 yrs,building soc. savings agr. / life insurance,domestic appliances,unknown/no savings account,... < 0 DM,yes (under customer name)
bad,25,4933,all credits at this bank paid back duly,39,4 <= ... < 7 yrs,no,rent,25 <= ... < 35,skilled employee/official,2-3,guarantor,none,0 to 2,male : married/widowed,1 <= ... < 4 yrs,unknown / no property,furniture/equipment,unknown/no savings account,... < 0 DM,no
good,60,1940,all credits at this bank paid back duly,24,>= 7 yrs,no,rent,< 20,skilled employee/official,1,none,none,0 to 2,male : married/widowed,>= 7 yrs,unknown / no property,others,500 <= ... < 1000 DM,... >= 200 DM / salary for at least 1 year,yes (under customer name)
good,31,1410,delay in paying off in the past,12,1 <= ... < 4 yrs,no,rent,25 <= ... < 35,unskilled - resident,1,none,none,0 to 2,male : married/widowed,1 <= ... < 4 yrs,unknown / no property,vacation,unknown/no savings account,... < 0 DM,yes (under customer name)
bad,23,836,no credits taken/all credits paid back duly,12,< 1 yr,no,rent,< 20,unskilled - resident,1,none,bank,0 to 2,female : non-single or male : single,1 <= ... < 4 yrs,car or other,others,... < 100 DM,... < 0 DM,no
good,60,6468,no credits taken/all credits paid back duly,20,unemployed,no,rent,>= 35,manager/self-empl/highly qualif. employee,1,none,none,0 to 2,male : divorced/separated,>= 7 yrs,unknown / no property,car (new),... >= 1000 DM,... < 0 DM,yes (under customer name)
good,35,1941,no credits taken/all credits paid back duly,18,1 <= ... < 4 yrs,no,rent,< 20,unskilled - resident,1,none,none,0 to 2,male : married/widowed,1 <= ... < 4 yrs,car or other,retraining,500 <= ... < 1000 DM,... < 0 DM,yes (under customer name)
good,40,2675,no credits taken/all credits paid back duly,22,>= 7 yrs,no,rent,20 <= ... < 25,skilled employee/official,1,none,none,0 to 2,male : married/widowed,>= 7 yrs,building soc. savings agr. / life insurance,furniture/equipment,100 <= ... < 500 DM,... >= 200 DM / salary for at least 1 year,no
good,38,2751,all credits at this bank paid back duly,48,>= 7 yrs,no,rent,< 20,skilled employee/official,2-3,none,none,3 or more,male : married/widowed,4 <= ... < 7 yrs,building soc. savings agr. / life insurance,car (new),... >= 1000 DM,... >= 200 DM / salary for at least 1 year,yes (under customer name)
bad,50,6224,existing credits paid back duly till now,48,>= 7 yrs,no,own,< 20,skilled employee/official,1,none,none,0 to 2,male : married/widowed,>= 7 yrs,real estate,repairs,unknown/no savings account,... < 0 DM,no
bad,27,5998,all credits at this bank paid back duly,40,1 <= ... < 4 yrs,no,rent,< 20,skilled employee/official,1,none,bank,0 to 2,male : married/widowed,4 <= ... < 7 yrs,real estate,repairs,unknown/no savings account,no checking account,yes (under customer name)
bad,39,1188,no credits taken/all credits paid back duly,21,>= 7 yrs,no,rent,25 <= ... < 35,skilled employee/official,1,none,none,3 or more,female : non-single or male : single,>= 7 yrs,car or other,retraining,unknown/no savings account,... < 0 DM,no
good,41,6313,no credits taken/all credits paid back duly,24,>= 7 yrs,no,rent,20 <= ... < 25,manager/self-empl/highly qualif. employee,1,none,none,3 or more,male : married/widowed,>= 7 yrs,building soc. savings agr. / life insurance,car (new),... >= 1000 DM,... >= 200 DM / salary for at least 1 year,yes (under customer name)
good,27,1221,all credits at this bank paid back duly,6,1 <= ... < 4 yrs,no,rent,>= 35,skilled employee/official,2-3,none,none,0 to 2,female : single,1 <= ... < 4 yrs,car or other,car (used),... >= 1000 DM,... >= 200 DM / salary for at least 1 year,no
good,51,2892,no credits taken/all credits paid back duly,24,>= 7 yrs,no,own,20 <= ... < 25,skilled employee/official,1,none,none,0 to 2,male : divorced/separated,>= 7 yrs,real estate,car (used),unknown/no savings account,0<= ... < 200 DM,no
good,32,3062,no credits taken/all credits paid back duly,24,>= 7 yrs,no,for free,< 20,skilled employee/official,1,none,none,0 to 2,male : married/widowed,4 <= ... < 7 yrs,real estate,car (used),100 <= ... < 500 DM,... >= 200 DM / salary for at least 1 year,yes (under customer name)
good,22,2301,no credits taken/all credits paid back duly,9,< 1 yr,no,for free,25 <= ... < 35,skilled employee/official,1,none,none,0 to 2,female : non-single or male : single,>= 7 yrs,car or other,car (used),... < 100 DM,... >= 200 DM / salary for at least 1 year,no
bad,51,7511,no credits taken/all credits paid back duly,18,>= 7 yrs,no,own,>= 35,skilled employee/official,1,none,none,3 or more,male : married/widowed,>= 7 yrs,car or other,car (new),... >= 1000 DM,no checking account,yes (under customer name)
good,22,1258,all credits at this bank paid back duly,12,< 1 yr,no,for free,25 <= ... < 35,unskilled - resident,2-3,none,none,0 to 2,female : non-single or male : single,>= 7 yrs,car or other,car (used),unknown/no savings account,... >= 200 DM / salary for at least 1 year,no
good,54,717,existing credits paid back duly till now,24,>= 7 yrs,no,rent,< 20,skilled employee/official,2-3,none,none,0 to 2,female : single,>= 7 yrs,building soc. savings agr. / life insurance,others,... >= 1000 DM,... >= 200 DM / salary for at least 1 year,yes (under customer name)
good,35,1549,no credits taken/all credits paid back duly,9,< 1 yr,no,rent,< 20,unemployed/unskilled - non-resident,1,none,none,0 to 2,male : married/widowed,1 <= ... < 4 yrs,unknown / no property,others,... >= 1000 DM,... < 0 DM,no
good,54,1597,all credits at this bank paid back duly,24,>= 7 yrs,no,own,< 20,skilled employee/official,2-3,none,none,3 or more,male : married/widowed,>= 7 yrs,real estate,repairs,unknown/no savings account,... >= 200 DM / salary for at least 1 year,no
good,48,1795,all credits at this bank paid back duly,18,>= 7 yrs,no,for free,20 <= ... < 25,unskilled - resident,2-3,guarantor,bank,0 to 2,female : non-single or male : single,>= 7 yrs,unknown / no property,furniture/equipment,unknown/no savings account,... < 0 DM,yes (under customer name)
good,24,4272,all credits at this bank paid back duly,20,>= 7 yrs,no,rent,>= 35,skilled employee/official,2-3,none,none,0 to 2,female : non-single or male : single,>= 7 yrs,car or other,car (used),unknown/no savings account,no checking account,no
good,35,976,all credits at this bank paid back duly,12,>= 7 yrs,no,rent,< 20,skilled employee/official,2-3,none,none,0 to 2,male : married/widowed,>= 7 yrs,building soc. savings agr. / life insurance,furniture/equipment,... >= 1000 DM,... >= 200 DM / salary for at least 1 year,no
good,24,7472,no credits taken/all credits paid back duly,12,unemployed,no,for free,>= 35,unemployed/unskilled - non-resident,1,none,none,0 to 2,female : non-single or male : single,1 <= ... < 4 yrs,unknown / no property,others,... >= 1000 DM,... < 0 DM,no
bad,24,9271,no credits taken/all credits paid back duly,36,4 <= ... < 7 yrs,no,rent,25 <= ... < 35,skilled employee/official,1,none,none,0 to 2,male : married/widowed,< 1 yr,building soc. savings agr. / life insurance,others,unknown/no savings account,no checking account,yes (under customer name)
good,26,590,no credits taken/all credits paid back duly,6,< 1 yr,yes,rent,20 <= ... < 25,unskilled - resident,1,none,none,0 to 2,female : single,4 <= ... < 7 yrs,unknown / no property,furniture/equipment,unknown/no savings account,... < 0 DM,no
good,65,930,all credits at this bank paid back duly,12,>= 7 yrs,no,rent,< 20,skilled employee/official,>= 6,none,none,0 to 2,male : married/widowed,>= 7 yrs,unknown / no property,furniture/equipment,... >= 1000 DM,... >= 200 DM / salary for at least 1 year,no
good,55,9283,critical account/other credits elsewhere,42,unemployed,no,own,>= 35,manager/self-empl/highly qualif. employee,1,none,bank,0 to 2,male : married/widowed,1 <= ... < 4 yrs,real estate,car (new),unknown/no savings account,... < 0 DM,yes (under customer name)
bad,26,1778,delay in paying off in the past,15,< 1 yr,no,for free,25 <= ... < 35,unemployed/unskilled - non-resident,2-3,none,none,0 to 2,female : non-single or male : single,< 1 yr,unknown / no property,others,unknown/no savings account,... < 0 DM,no
good,26,907,no credits taken/all credits paid back duly,8,< 1 yr,no,rent,20 <= ... < 25,skilled employee/official,1,none,none,0 to 2,female : single,1 <= ... < 4 yrs,unknown / no property,retraining,unknown/no savings account,... < 0 DM,yes (under customer name)
good,28,484,no credits taken/all credits paid back duly,6,4 <= ... < 7 yrs,no,rent,20 <= ... < 25,unskilled - resident,1,guarantor,bank,0 to 2,female : single,4 <= ... < 7 yrs,unknown / no property,furniture/equipment,unknown/no savings account,... < 0 DM,no
bad,24,9629,all credits at this bank paid back duly,36,4 <= ... < 7 yrs,no,rent,< 20,skilled employee/official,2-3,none,none,0 to 2,male : married/widowed,>= 7 yrs,building soc. savings agr. / life insurance,car (new),unknown/no savings account,no checking account,yes (under customer name)
bad,54,3051,no credits taken/all credits paid back duly,48,1 <= ... < 4 yrs,no,rent,20 <= ... < 25,skilled employee/official,1,none,none,0 to 2,male : married/widowed,>= 7 yrs,building soc. savings agr. / life insurance,radio/television,unknown/no savings account,no checking account,no
bad,46,3931,no credits taken/all credits paid back duly,48,4 <= ... < 7 yrs,no,own,< 20,skilled employee/official,1,none,none,3 or more,male : married/widowed,>= 7 yrs,real estate,others,unknown/no savings account,no checking account,no
good,54,7432,existing credits paid back duly till now,36,1 <= ... < 4 yrs,no,for free,25 <= ... < 35,skilled employee/official,1,none,none,0 to 2,female : non-single or male : single,1 <= ... < 4 yrs,car or other,others,unknown/no savings account,... < 0 DM,no
good,62,1338,no credits taken/all credits paid back duly,6,1 <= ... < 4 yrs,no,rent,>= 35,skilled employee/official,1,none,none,0 to 2,male : divorced/separated,>= 7 yrs,unknown / no property,radio/television,100 <= ... < 500 DM,... >= 200 DM / salary for at least 1 year,no
good,24,1554,all credits at this bank paid back duly,6,4 <= ... < 7 yrs,no,for free,>= 35,skilled employee/official,2-3,none,none,0 to 2,female : non-single or male : single,1 <= ... < 4 yrs,building soc. savings agr. / life insurance,furniture/equipment,unknown/no savings account,... >= 200 DM / salary for at least 1 year,yes (under customer name)
good,43,15857,no credits taken/all credits paid back duly,36,unemployed,no,rent,25 <= ... < 35,manager/self-empl/highly qualif. employee,1,co-applicant,none,0 to 2,male : divorced/separated,4 <= ... < 7 yrs,building soc. savings agr. / life insurance,business,unknown/no savings account,no checking account,no
bad,26,1345,no credits taken/all credits paid back duly,18,1 <= ... < 4 yrs,no,rent,< 20,skilled employee/official,1,none,bank,0 to 2,female : single,4 <= ... < 7 yrs,unknown / no property,furniture/equipment,unknown/no savings account,no checking account,no
good,27,1101,no credits taken/all credits paid back duly,12,1 <= ... < 4 yrs,no,rent,20 <= ... < 25,skilled employee/official,2-3,none,none,0 to 2,female : single,1 <= ... < 4 yrs,unknown / no property,others,unknown/no savings account,... >= 200 DM / salary for at least 1 year,yes (under customer name)
good,24,3016,no credits taken/all credits paid back duly,12,1 <= ... < 4 yrs,no,rent,20 <= ... < 25,skilled employee/official,1,none,none,0 to 2,female : single,< 1 yr,building soc. savings agr. / life insurance,furniture/equipment,unknown/no savings account,0<= ... < 200 DM,no
bad,41,2712,no credits taken/all credits paid back duly,36,>= 7 yrs,no,rent,25 <= ... < 35,skilled employee/official,1,none,bank,3 or more,male : married/widowed,1 <= ... < 4 yrs,car or other,car (used),unknown/no savings account,no checking account,no
good,47,731,all credits at this bank paid back duly,8,>= 7 yrs,no,rent,< 20,unskilled - resident,2-3,none,none,0 to 2,male : married/widowed,>= 7 yrs,unknown / no property,others,unknown/no savings account,no checking account,no
good,35,3780,all credits at this bank paid back duly,18,< 1 yr,no,rent,20 <= ... < 25,manager/self-empl/highly qualif. employee,2-3,none,none,0 to 2,male : divorced/separated,1 <= ... < 4 yrs,building soc. savings agr. / life insurance,car (used),unknown/no savings account,... >= 200 DM / salary for at least 1 year,yes (under customer name)
good,30,1602,all credits at this bank paid back duly,21,>= 7 yrs,no,rent,< 20,skilled employee/official,2-3,none,none,0 to 2,female : single,4 <= ... < 7 yrs,building soc. savings agr. / life insurance,others,unknown/no savings account,no checking account,yes (under customer name)
bad,33,3966,all credits at this bank paid back duly,18,>= 7 yrs,no,for free,>= 35,skilled employee/official,4-5,none,bank,0 to 2,female : non-single or male : single,>= 7 yrs,unknown / no property,others,unknown/no savings account,no checking account,yes (under customer name)
bad,36,4165,delay in paying off in the past,18,1 <= ... < 4 yrs,no,rent,25 <= ... < 35,skilled employee/official,2-3,none,stores,3 or more,male : married/widowed,1 <= ... < 4 yrs,building soc. savings agr. / life insurance,retraining,unknown/no savings account,... >= 200 DM / salary for at least 1 year,no
bad,47,8335,no credits taken/all credits paid back duly,36,>= 7 yrs,no,own,20 <= ... < 25,skilled employee/official,1,none,none,0 to 2,male : married/widowed,>= 7 yrs,real estate,car (new),... >= 1000 DM,no checking account,no
good,38,6681,existing credits paid back duly till now,48,1 <= ... < 4 yrs,no,own,< 20,skilled employee/official,1,none,none,3 or more,male : married/widowed,>= 7 yrs,real estate,retraining,... >= 1000 DM,... < 0 DM,yes (under customer name)
good,44,2375,existing credits paid back duly till now,24,1 <= ... < 4 yrs,no,rent,< 20,skilled employee/official,2-3,none,none,3 or more,male : married/widowed,1 <= ... < 4 yrs,building soc. savings agr. / life insurance,retraining,100 <= ... < 500 DM,... >= 200 DM / salary for at least 1 year,yes (under customer name)
bad,23,1216,no credits taken/all credits paid back duly,18,< 1 yr,no,for free,< 20,skilled employee/official,1,none,none,0 to 2,female : non-single or male : single,4 <= ... < 7 yrs,building soc. savings agr. / life insurance,others,unknown/no savings account,no checking account,yes (under customer name)
bad,29,11816,delay in paying off in the past,45,>= 7 yrs,no,for free,25 <= ... < 35,skilled employee/official,2-3,none,none,0 to 2,male : married/widowed,>= 7 yrs,building soc. savings agr. / life insurance,retraining,unknown/no savings account,no checking account,no
good,42,5084,no credits taken/all credits paid back duly,24,>= 7 yrs,no,rent,25 <= ... < 35,skilled employee/official,1,none,none,0 to 2,female : non-single or male : single,>= 7 yrs,building soc. savings agr. / life insurance,furniture/equipment,... >= 1000 DM,... < 0 DM,yes (under customer name)
bad,25,2327,no credits taken/all credits paid back duly,15,< 1 yr,no,rent,25 <= ... < 35,unskilled - resident,1,none,none,0 to 2,female : non-single or male : single,4 <= ... < 7 yrs,unknown / no property,furniture/equipment,unknown/no savings account,0<= ... < 200 DM,no
bad,48,1082,delay in paying off in the past,12,1 <= ... < 4 yrs,no,rent,< 20,skilled employee/official,2-3,none,bank,0 to 2,male : married/widowed,>= 7 yrs,building soc. savings agr. / life insurance,others,unknown/no savings account,no checking account,no
good,21,886,no credits taken/all credits paid back duly,12,1 <= ... < 4 yrs,no,rent,< 20,skilled employee/official,1,none,none,0 to 2,female : non-single or male : single,1 <= ... < 4 yrs,building soc. savings agr. / life insurance,furniture/equipment,... >= 1000 DM,... >= 200 DM / salary for at least 1 year,no
good,23,601,no credits taken/all credits paid back duly,4,< 1 yr,no,for free,>= 35,unskilled - resident,1,none,none,3 or more,female : non-single or male : single,4 <= ... < 7 yrs,unknown / no property,car (used),unknown/no savings account,... >= 200 DM / salary for at least 1 year,no
good,63,2957,all credits at this bank paid back duly,24,>= 7 yrs,no,rent,< 20,skilled employee/official,2-3,none,none,0 to 2,male : married/widowed,>= 7 yrs,car or other,car (new),unknown/no savings account,no checking account,yes (under customer name)
good,46,2611,all credits at this bank paid back duly,24,>= 7 yrs,no,rent,< 20,skilled employee/official,2-3,co-applicant,none,0 to 2,female : single,4 <= ... < 7 yrs,unknown / no property,furniture/equipment,unknown/no savings account,... >= 200 DM / salary for at least 1 year,no
bad,29,5179,no credits taken/all credits paid back duly,36,4 <= ... < 7 yrs,no,rent,< 20,skilled employee/official,1,none,none,0 to 2,male : married/widowed,1 <= ... < 4 yrs,car or other,car (used),unknown/no savings account,no checking account,no
good,28,2993,existing credits paid back duly till now,21,1 <= ... < 4 yrs,no,rent,20 <= ... < 25,unskilled - resident,2-3,none,stores,0 to 2,male : married/widowed,1 <= ... < 4 yrs,unknown / no property,car (new),unknown/no savings account,... >= 200 DM / salary for at least 1 year,no
bad,23,1943,no credits taken/all credits paid back duly,18,< 1 yr,no,rent,< 20,skilled employee/official,1,none,none,0 to 2,female : non-single or male : single,>= 7 yrs,unknown / no property,domestic appliances,unknown/no savings account,... >= 200 DM / salary for at least 1 year,no
good,50,1559,critical account/other credits elsewhere,24,4 <= ... < 7 yrs,no,rent,< 20,skilled employee/official,1,none,bank,0 to 2,male : married/widowed,>= 7 yrs,building soc. savings agr. / life insurance,retraining,unknown/no savings account,... >= 200 DM / salary for at least 1 year,yes (under customer name)
good,47,3422,no credits taken/all credits paid back duly,18,>= 7 yrs,no,rent,< 20,skilled employee/official,4-5,none,bank,3 or more,male : married/widowed,>= 7 yrs,car or other,car (used),unknown/no savings account,... >= 200 DM / salary for at least 1 year,yes (under customer name)
good,35,3976,no credits taken/all credits paid back duly,21,4 <= ... < 7 yrs,no,rent,25 <= ... < 35,skilled employee/official,1,none,none,0 to 2,male : married/widowed,4 <= ... < 7 yrs,building soc. savings agr. / life insurance,car (used),... >= 1000 DM,... < 0 DM,yes (under customer name)
bad,68,6761,no credits taken/all credits paid back duly,18,1 <= ... < 4 yrs,no,for free,25 <= ... < 35,skilled employee/official,2-3,none,none,0 to 2,male : married/widowed,>= 7 yrs,building soc. savings agr. / life insurance,others,... >= 1000 DM,... >= 200 DM / salary for at least 1 year,no
good,28,1249,no credits taken/all credits paid back duly,24,< 1 yr,no,rent,< 20,skilled employee/official,1,none,none,0 to 2,female : single,1 <= ... < 4 yrs,unknown / no property,others,unknown/no savings account,... >= 200 DM / salary for at least 1 year,no
good,59,1364,no credits taken/all credits paid back duly,9,4 <= ... < 7 yrs,no,rent,20 <= ... < 25,skilled employee/official,1,none,none,0 to 2,male : married/widowed,>= 7 yrs,unknown / no property,furniture/equipment,unknown/no savings account,no checking account,no
bad,57,709,no credits taken/all credits paid back duly,12,>= 7 yrs,no,rent,< 20,unskilled - resident,1,none,stores,0 to 2,male : married/widowed,>= 7 yrs,unknown / no property,furniture/equipment,unknown/no savings account,no checking account,no
bad,33,2235,all credits at this bank paid back duly,20,1 <= ... < 4 yrs,yes,for free,< 20,skilled employee/official,2-3,guarantor,bank,0 to 2,female : single,1 <= ... < 4 yrs,car or other,others,unknown/no savings account,no checking account,no
good,43,4042,all credits at this bank paid back duly,24,4 <= ... < 7 yrs,no,rent,20 <= ... < 25,skilled employee/official,2-3,none,none,0 to 2,male : married/widowed,>= 7 yrs,car or other,car (new),... >= 1000 DM,... >= 200 DM / salary for at least 1 year,yes (under customer name)
good,35,1471,all credits at this bank paid back duly,15,1 <= ... < 4 yrs,no,own,< 20,skilled employee/official,2-3,none,none,0 to 2,male : married/widowed,>= 7 yrs,real estate,furniture/equipment,unknown/no savings account,... >= 200 DM / salary for at least 1 year,yes (under customer name)
bad,32,1442,critical account/other credits elsewhere,18,4 <= ... < 7 yrs,no,own,< 20,unskilled - resident,2-3,none,none,3 or more,male : married/widowed,>= 7 yrs,real estate,others,unknown/no savings account,no checking account,no
good,45,10875,existing credits paid back duly till now,36,>= 7 yrs,no,rent,25 <= ... < 35,skilled employee/official,2-3,none,none,3 or more,male : married/widowed,1 <= ... < 4 yrs,building soc. savings agr. / life insurance,others,unknown/no savings account,... >= 200 DM / salary for at least 1 year,yes (under customer name)
good,33,1474,no credits taken/all credits paid back duly,24,< 1 yr,no,rent,< 20,skilled employee/official,1,none,none,0 to 2,female : single,4 <= ... < 7 yrs,unknown / no property,others,... < 100 DM,... >= 200 DM / salary for at least 1 year,yes (under customer name)
good,40,894,no credits taken/all credits paid back duly,10,4 <= ... < 7 yrs,no,rent,< 20,skilled employee/official,1,none,none,0 to 2,female : non-single or male : single,4 <= ... < 7 yrs,car or other,vacation,... >= 1000 DM,... >= 200 DM / salary for at least 1 year,yes (under customer name)
good,28,3343,all credits at this bank paid back duly,15,1 <= ... < 4 yrs,no,own,< 20,skilled employee/official,1,none,none,0 to 2,male : married/widowed,1 <= ... < 4 yrs,real estate,car (used),unknown/no savings account,... >= 200 DM / salary for at least 1 year,yes (under customer name)
bad,29,3959,no credits taken/all credits paid back duly,15,1 <= ... < 4 yrs,no,rent,20 <= ... < 25,skilled employee/official,1,none,none,0 to 2,female : non-single or male : single,1 <= ... < 4 yrs,car or other,others,unknown/no savings account,no checking account,yes (under customer name)
good,26,3577,no credits taken/all credits paid back duly,9,1 <= ... < 4 yrs,yes,for free,>= 35,skilled employee/official,1,guarantor,none,3 or more,male : married/widowed,1 <= ... < 4 yrs,unknown / no property,others,... < 100 DM,... >= 200 DM / salary for at least 1 year,no
good,27,5804,all credits at this bank paid back duly,24,1 <= ... < 4 yrs,no,rent,< 20,skilled employee/official,2-3,none,none,0 to 2,male : married/widowed,1 <= ... < 4 yrs,unknown / no property,car (new),500 <= ... < 1000 DM,... >= 200 DM / salary for at least 1 year,no
bad,28,2169,existing credits paid back duly till now,18,1 <= ... < 4 yrs,no,rent,< 20,skilled employee/official,1,none,none,0 to 2,female : single,1 <= ... < 4 yrs,building soc. savings agr. / life insurance,retraining,unknown/no savings account,... >= 200 DM / salary for at least 1 year,yes (under customer name)
bad,35,2439,no credits taken/all credits paid back duly,24,< 1 yr,no,rent,< 20,skilled employee/official,1,none,none,0 to 2,female : non-single or male : single,>= 7 yrs,unknown / no property,furniture/equipment,unknown/no savings account,no checking account,yes (under customer name)
good,32,4526,all credits at this bank paid back duly,27,< 1 yr,no,rent,< 20,unskilled - resident,2-3,none,stores,3 or more,male : married/widowed,1 <= ... < 4 yrs,unknown / no property,car (used),500 <= ... < 1000 DM,... >= 200 DM / salary for at least 1 year,yes (under customer name)
bad,25,2210,no credits taken/all credits paid back duly,10,1 <= ... < 4 yrs,no,for free,25 <= ... < 35,unskilled - resident,1,none,bank,0 to 2,male : married/widowed,1 <= ... < 4 yrs,unknown / no property,car (used),unknown/no savings account,... >= 200 DM / salary for at least 1 year,no
good,20,2221,no credits taken/all credits paid back duly,15,1 <= ... < 4 yrs,no,for free,25 <= ... < 35,skilled employee/official,1,none,none,0 to 2,female : non-single or male : single,>= 7 yrs,building soc. savings agr. / life insurance,car (used),100 <= ... < 500 DM,... >= 200 DM / salary for at least 1 year,no
good,27,2389,no credits taken/all credits paid back duly,18,< 1 yr,no,rent,< 20,skilled employee/official,1,none,stores,0 to 2,female : non-single or male : single,< 1 yr,building soc. savings agr. / life insurance,furniture/equipment,unknown/no savings account,no checking account,no
good,42,3331,all credits at this bank paid back duly,12,>= 7 yrs,no,rent,25 <= ... < 35,skilled employee/official,1,none,stores,0 to 2,male : married/widowed,>= 7 yrs,car or other,car (used),unknown/no savings account,... >= 200 DM / salary for at least 1 year,no
good,37,7409,no credits taken/all credits paid back duly,36,>= 7 yrs,no,rent,20 <= ... < 25,skilled employee/official,2-3,none,none,0 to 2,male : married/widowed,1 <= ... < 4 yrs,car or other,retraining,... >= 1000 DM,... >= 200 DM / salary for at least 1 year,no
good,24,652,no credits taken/all credits paid back duly,12,>= 7 yrs,no,for free,< 20,skilled employee/official,1,none,none,0 to 2,female : non-single or male : single,>= 7 yrs,car or other,car (used),unknown/no savings account,no checking account,no
good,40,7678,existing credits paid back duly till now,36,4 <= ... < 7 yrs,no,rent,25 <= ... < 35,skilled employee/official,2-3,none,none,0 to 2,female : non-single or male : single,>= 7 yrs,building soc. savings agr. / life insurance,car (used),100 <= ... < 500 DM,... >= 200 DM / salary for at least 1 year,yes (under customer name)
good,46,1343,all credits at this bank paid back duly,6,>= 7 yrs,yes,rent,>= 35,skilled employee/official,2-3,none,none,3 or more,male : married/widowed,>= 7 yrs,unknown / no property,others,unknown/no savings account,0<= ... < 200 DM,no
good,26,1382,all credits at this bank paid back duly,24,4 <= ... < 7 yrs,no,rent,< 20,skilled employee/official,2-3,none,none,0 to 2,male : married/widowed,< 1 yr,unknown / no property,retraining,... < 100 DM,no checking account,yes (under customer name)
good,24,874,no credits taken/all credits paid back duly,15,< 1 yr,no,rent,< 20,skilled employee/official,1,none,none,0 to 2,female : non-single or male : single,< 1 yr,unknown / no property,radio/television,... >= 1000 DM,... >= 200 DM / salary for at least 1 year,no
good,29,3590,no credits taken/all credits paid back duly,12,1 <= ... < 4 yrs,no,rent,25 <= ... < 35,unskilled - resident,1,co-applicant,none,3 or more,male : married/widowed,1 <= ... < 4 yrs,car or other,car (used),unknown/no savings account,no checking account,no
good,40,1322,all credits at this bank paid back duly,11,1 <= ... < 4 yrs,no,rent,< 20,skilled employee/official,2-3,none,none,0 to 2,female : non-single or male : single,>= 7 yrs,building soc. savings agr. / life insurance,others,500 <= ... < 1000 DM,... < 0 DM,no
good,36,1940,critical account/other credits elsewhere,18,< 1 yr,no,own,20 <= ... < 25,manager/self-empl/highly qualif. employee,1,co-applicant,bank,0 to 2,male : married/widowed,>= 7 yrs,real estate,furniture/equipment,unknown/no savings account,no checking account,yes (under customer name)
good,28,3595,no credits taken/all credits paid back duly,36,>= 7 yrs,no,rent,< 20,skilled employee/official,1,none,none,0 to 2,male : married/widowed,1 <= ... < 4 yrs,building soc. savings agr. / life insurance,furniture/equipment,unknown/no savings account,... >= 200 DM / salary for at least 1 year,no
bad,27,1422,no credits taken/all credits paid back duly,9,< 1 yr,no,own,20 <= ... < 25,manager/self-empl/highly qualif. employee,1,none,none,0 to 2,male : married/widowed,1 <= ... < 4 yrs,real estate,others,unknown/no savings account,no checking account,yes (under customer name)
good,36,6742,all credits at this bank paid back duly,30,4 <= ... < 7 yrs,no,rent,25 <= ... < 35,skilled employee/official,2-3,none,none,0 to 2,male : married/widowed,4 <= ... < 7 yrs,car or other,furniture/equipment,... >= 1000 DM,... >= 200 DM / salary for at least 1 year,no
good,38,7814,no credits taken/all credits paid back duly,24,4 <= ... < 7 yrs,no,rent,20 <= ... < 25,manager/self-empl/highly qualif. employee,1,none,none,0 to 2,male : married/widowed,4 <= ... < 7 yrs,building soc. savings agr. / life insurance,car (new),unknown/no savings account,... >= 200 DM / salary for at least 1 year,yes (under customer name)
good,48,9277,no credits taken/all credits paid back duly,24,1 <= ... < 4 yrs,no,own,25 <= ... < 35,skilled employee/official,1,none,none,0 to 2,male : divorced/separated,>= 7 yrs,real estate,car (new),... >= 1000 DM,... >= 200 DM / salary for at least 1 year,yes (under customer name)
good,36,2181,all credits at this bank paid back duly,30,>= 7 yrs,no,rent,< 20,skilled employee/official,2-3,none,none,0 to 2,male : married/widowed,>= 7 yrs,unknown / no property,others,... >= 1000 DM,... < 0 DM,no
good,65,1098,all credits at this bank paid back duly,18,unemployed,no,rent,< 20,unemployed/unskilled - non-resident,2-3,none,none,0 to 2,female : non-single or male : single,>= 7 yrs,building soc. savings agr. / life insurance,furniture/equipment,unknown/no savings account,... >= 200 DM / salary for at least 1 year,no
bad,43,4057,no credits taken/all credits paid back duly,24,4 <= ... < 7 yrs,no,rent,20 <= ... < 25,skilled employee/official,1,none,none,0 to 2,male : divorced/separated,4 <= ... < 7 yrs,building soc. savings agr. / life insurance,car (used),unknown/no savings account,... < 0 DM,yes (under customer name)
bad,53,795,no credits taken/all credits paid back duly,12,< 1 yr,no,rent,< 20,skilled employee/official,1,none,none,0 to 2,female : non-single or male : single,>= 7 yrs,car or other,repairs,unknown/no savings account,no checking account,no
good,34,2825,all credits at this bank paid back duly,24,4 <= ... < 7 yrs,no,rent,< 20,skilled employee/official,2-3,none,none,3 or more,male : married/widowed,4 <= ... < 7 yrs,real estate,retraining,... >= 1000 DM,... < 0 DM,yes (under customer name)
bad,23,15672,no credits taken/all credits paid back duly,48,1 <= ... < 4 yrs,no,rent,25 <= ... < 35,skilled employee/official,1,none,none,0 to 2,male : married/widowed,1 <= ... < 4 yrs,building soc. savings agr. / life insurance,retraining,unknown/no savings account,... < 0 DM,yes (under customer name)
good,34,6614,all credits at this bank paid back duly,36,>= 7 yrs,no,rent,< 20,manager/self-empl/highly qualif. employee,2-3,none,none,0 to 2,male : married/widowed,>= 7 yrs,building soc. savings agr. / life insurance,others,unknown/no savings account,... >= 200 DM / salary for at least 1 year,yes (under customer name)
good,40,7824,critical account/other credits elsewhere,28,< 1 yr,no,for free,20 <= ... < 25,skilled employee/official,2-3,guarantor,bank,3 or more,male : married/widowed,>= 7 yrs,unknown / no property,car (new),... >= 1000 DM,... >= 200 DM / salary for at least 1 year,yes (under customer name)
good,43,2442,all credits at this bank paid back duly,27,>= 7 yrs,no,rent,< 20,manager/self-empl/highly qualif. employee,>= 6,none,stores,3 or more,male : married/widowed,>= 7 yrs,building soc. savings agr. / life insurance,retraining,unknown/no savings account,no checking account,yes (under customer name)
good,46,1829,all credits at this bank paid back duly,15,>= 7 yrs,no,rent,< 20,skilled employee/official,2-3,none,none,0 to 2,male : married/widowed,>= 7 yrs,building soc. savings agr. / life insurance,furniture/equipment,unknown/no savings account,... >= 200 DM / salary for at least 1 year,yes (under customer name)
good,38,2171,all credits at this bank paid back duly,12,1 <= ... < 4 yrs,yes,rent,< 20,unskilled - resident,2-3,none,bank,0 to 2,male : married/widowed,>= 7 yrs,car or other,others,unknown/no savings account,no checking account,no
good,34,5800,all credits at this bank paid back duly,36,1 <= ... < 4 yrs,no,rent,20 <= ... < 25,skilled employee/official,2-3,none,none,0 to 2,male : married/widowed,>= 7 yrs,building soc. savings agr. / life insurance,car (new),unknown/no savings account,... < 0 DM,yes (under customer name)
good,29,1169,all credits at this bank paid back duly,18,1 <= ... < 4 yrs,no,rent,< 20,skilled employee/official,2-3,none,none,0 to 2,male : married/widowed,4 <= ... < 7 yrs,car or other,furniture/equipment,... >= 1000 DM,... >= 200 DM / salary for at least 1 year,yes (under customer name)
good,31,8947,existing credits paid back duly till now,36,4 <= ... < 7 yrs,no,rent,20 <= ... < 25,manager/self-empl/highly qualif. employee,1,none,stores,3 or more,male : married/widowed,1 <= ... < 4 yrs,building soc. savings agr. / life insurance,car (new),... >= 1000 DM,... >= 200 DM / salary for at least 1 year,yes (under customer name)
good,28,2606,no credits taken/all credits paid back duly,21,< 1 yr,no,for free,< 20,manager/self-empl/highly qualif. employee,1,none,none,0 to 2,female : non-single or male : single,>= 7 yrs,car or other,furniture/equipment,unknown/no savings account,no checking account,yes (under customer name)
good,35,1592,all credits at this bank paid back duly,12,4 <= ... < 7 yrs,yes,rent,20 <= ... < 25,skilled employee/official,1,none,none,0 to 2,female : non-single or male : single,1 <= ... < 4 yrs,car or other,car (used),500 <= ... < 1000 DM,... >= 200 DM / salary for at least 1 year,no
good,33,2186,no credits taken/all credits paid back duly,15,4 <= ... < 7 yrs,no,for free,>= 35,unskilled - resident,1,none,bank,0 to 2,female : non-single or male : single,>= 7 yrs,unknown / no property,car (used),... >= 1000 DM,... >= 200 DM / salary for at least 1 year,no
bad,42,4153,no credits taken/all credits paid back duly,18,1 <= ... < 4 yrs,no,rent,25 <= ... < 35,skilled employee/official,1,co-applicant,none,0 to 2,male : married/widowed,4 <= ... < 7 yrs,building soc. savings agr. / life insurance,car (used),unknown/no savings account,no checking account,no
bad,43,2625,all credits at this bank paid back duly,16,>= 7 yrs,no,for free,25 <= ... < 35,skilled employee/official,1,guarantor,bank,0 to 2,male : married/widowed,>= 7 yrs,car or other,others,unknown/no savings account,no checking account,yes (under customer name)
good,44,3485,all credits at this bank paid back duly,20,< 1 yr,no,rent,25 <= ... < 35,skilled employee/official,2-3,none,none,0 to 2,male : divorced/separated,>= 7 yrs,unknown / no property,others,... >= 1000 DM,... >= 200 DM / salary for at least 1 year,yes (under customer name)
good,42,10477,all credits at this bank paid back duly,36,>= 7 yrs,no,own,25 <= ... < 35,skilled employee/official,2-3,none,none,0 to 2,male : married/widowed,>= 7 yrs,real estate,car (new),... >= 1000 DM,... >= 200 DM / salary for at least 1 year,no
good,40,1386,no credits taken/all credits paid back duly,15,1 <= ... < 4 yrs,no,for free,< 20,skilled employee/official,1,none,none,0 to 2,female : single,1 <= ... < 4 yrs,unknown / no property,furniture/equipment,... >= 1000 DM,... >= 200 DM / salary for at least 1 year,yes (under customer name)
good,36,1278,no credits taken/all credits paid back duly,24,>= 7 yrs,no,rent,< 20,manager/self-empl/highly qualif. employee,1,none,none,0 to 2,male : married/widowed,< 1 yr,unknown / no property,furniture/equipment,unknown/no savings account,... >= 200 DM / salary for at least 1 year,yes (under customer name)
good,20,1107,no credits taken/all credits paid back duly,12,1 <= ... < 4 yrs,no,for free,25 <= ... < 35,manager/self-empl/highly qualif. employee,1,none,none,3 or more,male : married/widowed,1 <= ... < 4 yrs,unknown / no property,furniture/equipment,unknown/no savings account,no checking account,yes (under customer name)
good,24,3763,no credits taken/all credits paid back duly,21,4 <= ... < 7 yrs,yes,rent,25 <= ... < 35,unskilled - resident,1,co-applicant,none,0 to 2,male : married/widowed,1 <= ... < 4 yrs,unknown / no property,others,... >= 1000 DM,no checking account,no
good,27,3711,no credits taken/all credits paid back duly,36,1 <= ... < 4 yrs,no,rent,25 <= ... < 35,skilled employee/official,1,none,none,0 to 2,female : single,1 <= ... < 4 yrs,building soc. savings agr. / life insurance,repairs,... >= 1000 DM,... < 0 DM,no
good,46,3594,existing credits paid back duly till now,15,< 1 yr,no,rent,>= 35,unskilled - resident,2-3,none,none,0 to 2,female : non-single or male : single,1 <= ... < 4 yrs,car or other,car (new),unknown/no savings account,... >= 200 DM / salary for at least 1 year,no
good,33,3195,no credits taken/all credits paid back duly,9,1 <= ... < 4 yrs,no,rent,>= 35,unskilled - resident,1,none,none,0 to 2,female : non-single or male : single,1 <= ... < 4 yrs,unknown / no property,others,... >= 1000 DM,... < 0 DM,no
good,34,4454,existing credits paid back duly till now,36,1 <= ... < 4 yrs,no,rent,< 20,skilled employee/official,2-3,none,none,0 to 2,female : non-single or male : single,>= 7 yrs,unknown / no property,furniture/equipment,unknown/no savings account,... >= 200 DM / salary for at least 1 year,no
bad,25,4736,all credits at this bank paid back duly,24,< 1 yr,no,rent,25 <= ... < 35,unskilled - resident,1,none,bank,0 to 2,female : non-single or male : single,>= 7 yrs,building soc. savings agr. / life insurance,car (used),unknown/no savings account,... < 0 DM,no
good,25,2991,no credits taken/all credits paid back duly,30,>= 7 yrs,no,rent,25 <= ... < 35,skilled employee/official,1,none,none,0 to 2,female : non-single or male : single,>= 7 yrs,building soc. savings agr. / life insurance,furniture/equipment,... >= 1000 DM,... < 0 DM,no
good,28,2142,no credits taken/all credits paid back duly,11,>= 7 yrs,no,rent,>= 35,skilled employee/official,1,none,none,0 to 2,male : divorced/separated,1 <= ... < 4 yrs,unknown / no property,retraining,500 <= ... < 1000 DM,... >= 200 DM / salary for at least 1 year,yes (under customer name)
bad,31,3161,critical account/other credits elsewhere,24,1 <= ... < 4 yrs,no,for free,< 20,skilled employee/official,1,none,none,0 to 2,male : married/widowed,1 <= ... < 4 yrs,car or other,retraining,unknown/no savings account,no checking account,yes (under customer name)
bad,32,18424,delay in paying off in the past,48,1 <= ... < 4 yrs,yes,rent,>= 35,manager/self-empl/highly qualif. employee,1,none,bank,0 to 2,female : non-single or male : single,1 <= ... < 4 yrs,car or other,business,unknown/no savings account,... < 0 DM,yes (under customer name)
good,32,2848,no credits taken/all credits paid back duly,10,1 <= ... < 4 yrs,no,rent,>= 35,skilled employee/official,1,co-applicant,none,3 or more,male : married/widowed,1 <= ... < 4 yrs,unknown / no property,car (new),... < 100 DM,... >= 200 DM / salary for at least 1 year,no
bad,68,14896,no credits taken/all credits paid back duly,6,>= 7 yrs,no,rent,>= 35,manager/self-empl/highly qualif. employee,1,none,bank,0 to 2,male : married/widowed,>= 7 yrs,real estate,others,unknown/no savings account,no checking account,yes (under customer name)
bad,33,2359,no credits taken/all credits paid back duly,24,unemployed,no,rent,>= 35,skilled employee/official,1,none,none,0 to 2,male : divorced/separated,< 1 yr,car or other,car (used),... < 100 DM,no checking account,no
bad,39,3345,no credits taken/all credits paid back duly,24,>= 7 yrs,no,for free,< 20,manager/self-empl/highly qualif. employee,1,none,none,0 to 2,male : married/widowed,1 <= ... < 4 yrs,car or other,car (used),unknown/no savings account,no checking account,yes (under customer name)
good,28,1817,all credits at this bank paid back duly,18,1 <= ... < 4 yrs,no,rent,< 20,skilled employee/official,2-3,none,none,0 to 2,female : non-single or male : single,1 <= ... < 4 yrs,real estate,car (used),unknown/no savings account,... >= 200 DM / salary for at least 1 year,no
good,37,12749,existing credits paid back duly till now,48,4 <= ... < 7 yrs,no,rent,< 20,manager/self-empl/highly qualif. employee,1,none,none,0 to 2,male : married/widowed,< 1 yr,building soc. savings agr. / life insurance,furniture/equipment,100 <= ... < 500 DM,... >= 200 DM / salary for at least 1 year,yes (under customer name)
bad,22,1366,no credits taken/all credits paid back duly,9,< 1 yr,no,for free,20 <= ... < 25,skilled employee/official,1,none,none,0 to 2,female : non-single or male : single,>= 7 yrs,car or other,furniture/equipment,unknown/no savings account,no checking account,no
good,30,2002,no credits taken/all credits paid back duly,12,4 <= ... < 7 yrs,no,for free,20 <= ... < 25,skilled employee/official,1,none,none,3 or more,male : married/widowed,>= 7 yrs,car or other,others,unknown/no savings account,... < 0 DM,yes (under customer name)
bad,55,6872,critical account/other credits elsewhere,24,< 1 yr,no,rent,25 <= ... < 35,skilled employee/official,1,none,bank,0 to 2,male : divorced/separated,< 1 yr,car or other,car (used),unknown/no savings account,no checking account,yes (under customer name)
bad,46,697,critical account/other credits elsewhere,12,< 1 yr,no,rent,< 20,skilled employee/official,2-3,none,bank,0 to 2,male : married/widowed,1 <= ... < 4 yrs,building soc. savings agr. / life insurance,others,unknown/no savings account,no checking account,yes (under customer name)
good,21,1049,all credits at this bank paid back duly,18,< 1 yr,no,for free,< 20,skilled employee/official,1,none,none,0 to 2,female : non-single or male : single,>= 7 yrs,car or other,car (used),unknown/no savings account,no checking account,no
bad,39,10297,no credits taken/all credits paid back duly,48,4 <= ... < 7 yrs,no,own,< 20,skilled employee/official,4-5,none,stores,3 or more,male : married/widowed,>= 7 yrs,real estate,car (new),unknown/no savings account,no checking account,yes (under customer name)
good,58,1867,no credits taken/all credits paid back duly,30,>= 7 yrs,no,rent,< 20,skilled employee/official,1,none,none,0 to 2,male : married/widowed,>= 7 yrs,building soc. savings agr. / life insurance,furniture/equipment,... >= 1000 DM,... >= 200 DM / salary for at least 1 year,yes (under customer name)
good,43,1344,existing credits paid back duly till now,12,1 <= ... < 4 yrs,no,rent,< 20,unskilled - resident,2-3,none,none,3 or more,male : married/widowed,1 <= ... < 4 yrs,unknown / no property,others,unknown/no savings account,no checking account,no
good,24,1747,no credits taken/all credits paid back duly,24,< 1 yr,yes,rent,< 20,unskilled - resident,1,co-applicant,none,0 to 2,male : married/widowed,< 1 yr,car or other,car (used),unknown/no savings account,no checking account,no
bad,22,1670,no credits taken/all credits paid back duly,9,< 1 yr,no,rent,< 20,skilled employee/official,1,none,none,0 to 2,female : non-single or male : single,1 <= ... < 4 yrs,building soc. savings agr. / life insurance,furniture/equipment,unknown/no savings account,... < 0 DM,yes (under customer name)
good,30,1224,all credits at this bank paid back duly,9,1 <= ... < 4 yrs,no,rent,20 <= ... < 25,skilled employee/official,2-3,none,none,0 to 2,male : married/widowed,< 1 yr,unknown / no property,others,unknown/no savings account,... >= 200 DM / salary for at least 1 year,no
good,42,522,all credits at this bank paid back duly,12,>= 7 yrs,no,rent,< 20,skilled employee/official,2-3,none,none,3 or more,male : married/widowed,>= 7 yrs,car or other,furniture/equipment,100 <= ... < 500 DM,... >= 200 DM / salary for at least 1 year,yes (under customer name)
good,23,1498,no credits taken/all credits paid back duly,12,1 <= ... < 4 yrs,no,rent,< 20,skilled employee/official,1,none,bank,0 to 2,female : non-single or male : single,< 1 yr,building soc. savings agr. / life insurance,furniture/equipment,unknown/no savings account,no checking account,no
bad,30,1919,existing credits paid back duly till now,30,< 1 yr,no,rent,< 20,manager/self-empl/highly qualif. employee,2-3,none,stores,0 to 2,male : married/widowed,4 <= ... < 7 yrs,real estate,furniture/equipment,... < 100 DM,... < 0 DM,no
bad,28,745,no credits taken/all credits paid back duly,9,1 <= ... < 4 yrs,no,rent,20 <= ... < 25,unskilled - resident,1,none,none,0 to 2,female : non-single or male : single,1 <= ... < 4 yrs,unknown / no property,furniture/equipment,unknown/no savings account,0<= ... < 200 DM,no
good,30,2063,no credits taken/all credits paid back duly,6,< 1 yr,no,for free,< 20,manager/self-empl/highly qualif. employee,1,none,none,0 to 2,female : single,4 <= ... < 7 yrs,building soc. savings agr. / life insurance,furniture/equipment,unknown/no savings account,... < 0 DM,yes (under customer name)
bad,42,6288,no credits taken/all credits paid back duly,60,1 <= ... < 4 yrs,no,own,< 20,skilled employee/official,1,none,none,0 to 2,male : married/widowed,>= 7 yrs,real estate,repairs,unknown/no savings account,... < 0 DM,no
good,46,6842,all credits at this bank paid back duly,24,1 <= ... < 4 yrs,no,rent,25 <= ... < 35,manager/self-empl/highly qualif. employee,2-3,none,none,3 or more,male : married/widowed,>= 7 yrs,car or other,car (new),... >= 1000 DM,... >= 200 DM / salary for at least 1 year,yes (under customer name)
good,45,3527,no credits taken/all credits paid back duly,12,< 1 yr,no,rent,25 <= ... < 35,manager/self-empl/highly qualif. employee,1,none,none,3 or more,male : married/widowed,4 <= ... < 7 yrs,car or other,others,... >= 1000 DM,... >= 200 DM / salary for at least 1 year,yes (under customer name)
good,31,1546,no credits taken/all credits paid back duly,10,1 <= ... < 4 yrs,yes,rent,20 <= ... < 25,unskilled - resident,1,none,none,3 or more,male : married/widowed,1 <= ... < 4 yrs,unknown / no property,others,unknown/no savings account,... >= 200 DM / salary for at least 1 year,no
good,31,929,no credits taken/all credits paid back duly,24,4 <= ... < 7 yrs,no,rent,< 20,skilled employee/official,1,none,stores,0 to 2,male : married/widowed,1 <= ... < 4 yrs,building soc. savings agr. / life insurance,car (used),... >= 1000 DM,... >= 200 DM / salary for at least 1 year,yes (under customer name)
good,42,1455,all credits at this bank paid back duly,4,4 <= ... < 7 yrs,no,rent,25 <= ... < 35,unskilled - resident,4-5,none,none,3 or more,male : married/widowed,< 1 yr,unknown / no property,others,unknown/no savings account,... >= 200 DM / salary for at least 1 year,no
good,46,1845,no credits taken/all credits paid back duly,15,< 1 yr,no,for free,< 20,skilled employee/official,1,guarantor,none,0 to 2,female : non-single or male : single,< 1 yr,car or other,car (used),unknown/no savings account,no checking account,no
good,30,8358,delay in paying off in the past,48,< 1 yr,no,rent,>= 35,skilled employee/official,2-3,none,none,0 to 2,female : non-single or male : single,< 1 yr,building soc. savings agr. / life insurance,others,100 <= ... < 500 DM,... < 0 DM,no
bad,30,3349,critical account/other credits elsewhere,24,< 1 yr,no,own,< 20,skilled employee/official,1,none,none,3 or more,male : married/widowed,>= 7 yrs,real estate,car (used),100 <= ... < 500 DM,no checking account,yes (under customer name)
good,38,2859,no credits taken/all credits paid back duly,12,unemployed,no,rent,< 20,manager/self-empl/highly qualif. employee,1,none,none,0 to 2,male : married/widowed,>= 7 yrs,real estate,others,... >= 1000 DM,... >= 200 DM / salary for at least 1 year,yes (under customer name)
bad,43,1533,no credits taken/all credits paid back duly,18,< 1 yr,no,rent,< 20,unskilled - resident,1,co-applicant,none,3 or more,female : single,< 1 yr,car or other,car (used),unknown/no savings account,... >= 200 DM / salary for at least 1 year,no
bad,31,3621,no credits taken/all credits paid back duly,24,>= 7 yrs,no,rent,25 <= ... < 35,skilled employee/official,2-3,none,none,0 to 2,male : married/widowed,>= 7 yrs,building soc. savings agr. / life insurance,furniture/equipment,... < 100 DM,... >= 200 DM / salary for at least 1 year,no
good,40,3590,all credits at this bank paid back duly,18,unemployed,no,rent,20 <= ... < 25,unemployed/unskilled - non-resident,4-5,none,none,3 or more,female : single,4 <= ... < 7 yrs,building soc. savings agr. / life insurance,retraining,unknown/no savings account,... < 0 DM,yes (under customer name)
bad,24,2145,existing credits paid back duly till now,36,4 <= ... < 7 yrs,no,rent,25 <= ... < 35,skilled employee/official,2-3,none,none,0 to 2,male : married/widowed,< 1 yr,building soc. savings agr. / life insurance,retraining,unknown/no savings account,no checking account,yes (under customer name)
bad,28,4113,no credits taken/all credits paid back duly,24,< 1 yr,no,for free,20 <= ... < 25,skilled employee/official,1,none,none,0 to 2,female : non-single or male : single,>= 7 yrs,building soc. savings agr. / life insurance,car (new),100 <= ... < 500 DM,... < 0 DM,no
bad,26,10974,no credits taken/all credits paid back duly,36,unemployed,no,rent,< 20,manager/self-empl/highly qualif. employee,2-3,none,none,0 to 2,female : non-single or male : single,1 <= ... < 4 yrs,building soc. savings agr. / life insurance,car (used),unknown/no savings account,... >= 200 DM / salary for at least 1 year,yes (under customer name)
good,29,1893,no credits taken/all credits paid back duly,12,1 <= ... < 4 yrs,no,rent,< 20,skilled employee/official,1,guarantor,none,0 to 2,female : non-single or male : single,>= 7 yrs,car or other,others,unknown/no savings account,no checking account,yes (under customer name)
good,57,1231,all credits at this bank paid back duly,24,>= 7 yrs,no,for free,< 20,manager/self-empl/highly qualif. employee,2-3,none,none,0 to 2,female : non-single or male : single,>= 7 yrs,car or other,furniture/equipment,500 <= ... < 1000 DM,no checking account,yes (under customer name)
good,49,3656,all credits at this bank paid back duly,30,>= 7 yrs,no,rent,< 20,unskilled - resident,2-3,none,stores,0 to 2,male : married/widowed,>= 7 yrs,car or other,furniture/equipment,... >= 1000 DM,0<= ... < 200 DM,no
good,37,1154,all credits at this bank paid back duly,9,>= 7 yrs,no,rent,25 <= ... < 35,unskilled - resident,4-5,none,none,0 to 2,male : married/widowed,>= 7 yrs,unknown / no property,furniture/equipment,unknown/no savings account,... < 0 DM,no
bad,45,4006,no credits taken/all credits paid back duly,28,1 <= ... < 4 yrs,no,rent,20 <= ... < 25,unskilled - resident,1,none,none,0 to 2,male : married/widowed,1 <= ... < 4 yrs,building soc. savings agr. / life insurance,others,unknown/no savings account,no checking account,no
good,30,3069,no credits taken/all credits paid back duly,24,>= 7 yrs,no,own,< 20,skilled employee/official,1,none,none,0 to 2,male : married/widowed,>= 7 yrs,real estate,car (used),... < 100 DM,... < 0 DM,no
good,30,1740,all credits at this bank paid back duly,6,>= 7 yrs,no,for free,25 <= ... < 35,skilled employee/official,2-3,none,none,0 to 2,female : single,1 <= ... < 4 yrs,unknown / no property,furniture/equipment,unknown/no savings account,... >= 200 DM / salary for at least 1 year,no
good,47,2353,existing credits paid back duly till now,21,1 <= ... < 4 yrs,no,rent,>= 35,skilled employee/official,2-3,none,none,0 to 2,male : divorced/separated,>= 7 yrs,car or other,others,unknown/no savings account,... < 0 DM,no
good,29,3556,no credits taken/all credits paid back duly,15,1 <= ... < 4 yrs,no,rent,20 <= ... < 25,skilled employee/official,1,none,none,0 to 2,male : married/widowed,1 <= ... < 4 yrs,real estate,others,... >= 1000 DM,... >= 200 DM / salary for at least 1 year,no
bad,35,2397,no credits taken/all credits paid back duly,24,>= 7 yrs,no,rent,20 <= ... < 25,skilled employee/official,2-3,none,bank,0 to 2,male : married/widowed,1 <= ... < 4 yrs,building soc. savings agr. / life insurance,furniture/equipment,100 <= ... < 500 DM,... >= 200 DM / salary for at least 1 year,yes (under customer name)
good,22,454,no credits taken/all credits paid back duly,6,< 1 yr,no,rent,20 <= ... < 25,unskilled - resident,1,none,none,0 to 2,female : single,< 1 yr,car or other,domestic appliances,unknown/no savings account,... < 0 DM,no
good,26,1715,no credits taken/all credits paid back duly,30,1 <= ... < 4 yrs,no,rent,< 20,skilled employee/official,1,none,none,0 to 2,female : non-single or male : single,< 1 yr,building soc. savings agr. / life insurance,furniture/equipment,... >= 1000 DM,... < 0 DM,no
bad,23,2520,all credits at this bank paid back duly,27,1 <= ... < 4 yrs,no,rent,< 20,unskilled - resident,2-3,none,none,0 to 2,male : married/widowed,1 <= ... < 4 yrs,car or other,furniture/equipment,100 <= ... < 500 DM,... < 0 DM,no
good,54,3568,no credits taken/all credits paid back duly,15,>= 7 yrs,no,for free,< 20,manager/self-empl/highly qualif. employee,1,none,bank,0 to 2,female : non-single or male : single,1 <= ... < 4 yrs,building soc. savings agr. / life insurance,furniture/equipment,unknown/no savings account,... >= 200 DM / salary for at least 1 year,yes (under customer name)
good,29,7166,no credits taken/all credits paid back duly,42,4 <= ... < 7 yrs,no,for free,25 <= ... < 35,skilled employee/official,1,none,none,0 to 2,female : single,>= 7 yrs,car or other,furniture/equipment,... >= 1000 DM,... >= 200 DM / salary for at least 1 year,yes (under customer name)
good,40,3939,all credits at this bank paid back duly,11,1 <= ... < 4 yrs,no,rent,>= 35,unskilled - resident,2-3,none,none,3 or more,male : married/widowed,1 <= ... < 4 yrs,unknown / no property,others,unknown/no savings account,no checking account,no
good,22,1514,no credits taken/all credits paid back duly,15,1 <= ... < 4 yrs,no,rent,< 20,skilled employee/official,1,guarantor,none,0 to 2,male : married/widowed,1 <= ... < 4 yrs,unknown / no property,domestic appliances,... < 100 DM,... < 0 DM,no
good,43,7393,no credits taken/all credits paid back duly,24,1 <= ... < 4 yrs,no,rent,>= 35,unskilled - resident,1,none,none,3 or more,male : married/widowed,>= 7 yrs,car or other,others,unknown/no savings account,... >= 200 DM / salary for at least 1 year,no
bad,29,1193,critical account/other credits elsewhere,24,unemployed,no,for free,>= 35,unemployed/unskilled - non-resident,2-3,co-applicant,none,0 to 2,female : non-single or male : single,>= 7 yrs,real estate,others,unknown/no savings account,no checking account,no
bad,36,7297,no credits taken/all credits paid back duly,60,>= 7 yrs,no,for free,< 20,skilled employee/official,1,co-applicant,none,0 to 2,male : married/widowed,>= 7 yrs,real estate,retraining,unknown/no savings account,no checking account,no
good,33,2831,all credits at this bank paid back duly,30,1 <= ... < 4 yrs,no,rent,< 20,skilled employee/official,1,none,none,0 to 2,female : non-single or male : single,1 <= ... < 4 yrs,building soc. savings agr. / life insurance,furniture/equipment,unknown/no savings account,... >= 200 DM / salary for at least 1 year,yes (under customer name)
good,57,1258,no credits taken/all credits paid back duly,24,1 <= ... < 4 yrs,no,rent,20 <= ... < 25,unskilled - resident,1,none,none,0 to 2,female : non-single or male : single,4 <= ... < 7 yrs,building soc. savings agr. / life insurance,furniture/equipment,100 <= ... < 500 DM,0<= ... < 200 DM,no
good,64,753,no credits taken/all credits paid back duly,6,1 <= ... < 4 yrs,no,rent,25 <= ... < 35,skilled employee/official,1,guarantor,none,0 to 2,female : non-single or male : single,4 <= ... < 7 yrs,unknown / no property,furniture/equipment,unknown/no savings account,... < 0 DM,no
good,42,2427,existing credits paid back duly till now,18,>= 7 yrs,no,rent,< 20,skilled employee/official,2-3,none,none,0 to 2,male : married/widowed,1 <= ... < 4 yrs,car or other,retraining,... >= 1000 DM,... < 0 DM,no
bad,47,2538,existing credits paid back duly till now,24,>= 7 yrs,no,rent,< 20,unskilled - resident,2-3,none,none,3 or more,male : married/widowed,>= 7 yrs,building soc. savings agr. / life insurance,others,unknown/no savings account,... >= 200 DM / salary for at least 1 year,no
bad,25,1264,critical account/other credits elsewhere,15,1 <= ... < 4 yrs,no,for free,25 <= ... < 35,skilled employee/official,1,none,none,0 to 2,female : single,1 <= ... < 4 yrs,car or other,others,... < 100 DM,... < 0 DM,no
bad,49,8386,all credits at this bank paid back duly,30,4 <= ... < 7 yrs,no,rent,25 <= ... < 35,skilled employee/official,1,none,none,0 to 2,male : married/widowed,1 <= ... < 4 yrs,car or other,car (used),unknown/no savings account,... < 0 DM,no
bad,33,4844,no credits taken/all credits paid back duly,48,unemployed,no,for free,20 <= ... < 25,manager/self-empl/highly qualif. employee,1,none,bank,0 to 2,male : married/widowed,1 <= ... < 4 yrs,building soc. savings agr. / life insurance,retraining,unknown/no savings account,... >= 200 DM / salary for at least 1 year,yes (under customer name)
good,28,2923,no credits taken/all credits paid back duly,21,1 <= ... < 4 yrs,no,rent,>= 35,manager/self-empl/highly qualif. employee,1,none,bank,0 to 2,female : non-single or male : single,< 1 yr,building soc. savings agr. / life insurance,others,... < 100 DM,0<= ... < 200 DM,yes (under customer name)
bad,26,8229,no credits taken/all credits paid back duly,36,1 <= ... < 4 yrs,no,rent,25 <= ... < 35,skilled employee/official,1,none,none,3 or more,male : married/widowed,1 <= ... < 4 yrs,car or other,car (new),unknown/no savings account,no checking account,no
good,30,2028,all credits at this bank paid back duly,24,4 <= ... < 7 yrs,no,rent,25 <= ... < 35,unskilled - resident,2-3,none,none,0 to 2,male : married/widowed,1 <= ... < 4 yrs,car or other,car (used),unknown/no savings account,... >= 200 DM / salary for at least 1 year,no
good,25,1433,all credits at this bank paid back duly,15,1 <= ... < 4 yrs,no,for free,< 20,skilled employee/official,2-3,none,none,0 to 2,female : non-single or male : single,4 <= ... < 7 yrs,car or other,car (used),unknown/no savings account,no checking account,no
good,33,6289,delay in paying off in the past,42,< 1 yr,no,rent,25 <= ... < 35,skilled employee/official,2-3,none,none,0 to 2,male : divorced/separated,< 1 yr,car or other,retraining,unknown/no savings account,0<= ... < 200 DM,no
good,64,1409,no credits taken/all credits paid back duly,13,unemployed,no,rent,25 <= ... < 35,skilled employee/official,1,none,none,0 to 2,female : non-single or male : single,>= 7 yrs,unknown / no property,furniture/equipment,... < 100 DM,... >= 200 DM / salary for at least 1 year,no
good,29,6579,no credits taken/all credits paid back duly,24,unemployed,no,own,< 20,manager/self-empl/highly qualif. employee,1,none,none,0 to 2,male : married/widowed,1 <= ... < 4 yrs,real estate,car (new),unknown/no savings account,no checking account,yes (under customer name)
good,48,1743,all credits at this bank paid back duly,24,>= 7 yrs,no,rent,< 20,unskilled - resident,2-3,none,none,0 to 2,male : married/widowed,1 <= ... < 4 yrs,car or other,furniture/equipment,unknown/no savings account,... < 0 DM,no
good,37,3565,all credits at this bank paid back duly,12,< 1 yr,no,rent,25 <= ... < 35,unskilled - resident,2-3,none,none,3 or more,male : married/widowed,< 1 yr,car or other,repairs,... >= 1000 DM,... >= 200 DM / salary for at least 1 year,no
good,34,1569,critical account/other credits elsewhere,15,>= 7 yrs,no,rent,< 20,unskilled - resident,1,none,bank,3 or more,male : married/widowed,>= 7 yrs,building soc. savings agr. / life insurance,furniture/equipment,... < 100 DM,... >= 200 DM / salary for at least 1 year,no
good,23,1936,no credits taken/all credits paid back duly,18,4 <= ... < 7 yrs,no,for free,25 <= ... < 35,unskilled - resident,2-3,none,none,0 to 2,female : single,>= 7 yrs,building soc. savings agr. / life insurance,furniture/equipment,... >= 1000 DM,no checking account,no
good,30,3959,no credits taken/all credits paid back duly,36,unemployed,no,rent,< 20,manager/self-empl/highly qualif. employee,1,none,none,0 to 2,male : married/widowed,4 <= ... < 7 yrs,car or other,car (used),unknown/no savings account,no checking account,yes (under customer name)
good,50,2390,no credits taken/all credits paid back duly,12,>= 7 yrs,no,rent,< 20,skilled employee/official,1,none,none,0 to 2,male : married/widowed,4 <= ... < 7 yrs,building soc. savings agr. / life insurance,others,... >= 1000 DM,... >= 200 DM / salary for at least 1 year,yes (under customer name)
good,31,1736,no credits taken/all credits paid back duly,12,4 <= ... < 7 yrs,no,rent,20 <= ... < 25,unskilled - resident,1,none,none,0 to 2,female : non-single or male : single,>= 7 yrs,unknown / no property,car (used),unknown/no savings account,... >= 200 DM / salary for at least 1 year,no
good,40,3857,no credits taken/all credits paid back duly,30,1 <= ... < 4 yrs,no,rent,< 20,manager/self-empl/highly qualif. employee,1,none,none,0 to 2,male : divorced/separated,>= 7 yrs,car or other,car (new),unknown/no savings account,no checking account,yes (under customer name)
good,38,804,no credits taken/all credits paid back duly,12,>= 7 yrs,no,rent,< 20,skilled employee/official,1,none,none,0 to 2,male : married/widowed,>= 7 yrs,building soc. savings agr. / life insurance,furniture/equipment,unknown/no savings account,... >= 200 DM / salary for at least 1 year,no
bad,23,1845,no credits taken/all credits paid back duly,45,1 <= ... < 4 yrs,no,own,< 20,skilled employee/official,1,none,none,0 to 2,male : married/widowed,>= 7 yrs,real estate,furniture/equipment,unknown/no savings account,no checking account,yes (under customer name)
good,27,4576,all credits at this bank paid back duly,45,unemployed,no,rent,20 <= ... < 25,skilled employee/official,1,none,none,0 to 2,male : married/widowed,>= 7 yrs,building soc. savings agr. / life insurance,car (new),... < 100 DM,... < 0 DM,no
